,agent_id,family_name,initials_x,given_names,num_coll,start_year,end_year,full_name,left_side,right_side,similarity,dup_count,item,itemLabel,surname,initials_y,canonical_string,orcid,viaf,isni,harv,ipni,abbr,bloodhound_id,enc_au_sc_id,yob,yod,wyb,wye,wikidata_link,orcid_link,harv_link,ipni_link,bloodhound_link,enc_au_sc_link,au_dict_bio_link
16,11777,Lepschi,B.J.,Brendan,913,1988.0,2017.0,"Lepschi, B.J.","Lepschi, B.J.","Lepschi, B.J.",1.0,1.0,http://www.wikidata.org/entity/Q5733654,Brendan John Lepschi,Lepschi,B.J.,"Lepschi, B.J.",,,,39693.0,36824-1,Lepschi,,,1969.0,,,,http://www.wikidata.org/wiki/Q5733654,,https://kiki.huh.harvard.edu/databases/botanist_search.php?mode=details&id=39693,https://www.ipni.org/a/36824-1,,,
17,21369,Weindorfer,G.,Gustav,910,1887.0,1942.0,"Weindorfer, G.","Weindorfer, G.","Weindorfer, G.",1.0,1.0,http://www.wikidata.org/entity/Q5621250,Gustav Weindorfer,Weindorfer,G.,"Weindorfer, G.",,41061291,0000 0000 3574 3120,,,,,P000880b,1874.0,1932.0,,,http://www.wikidata.org/wiki/Q5621250,,,,,http://www.eoas.info/biogs/P000880b,http://adb.anu.edu.au/biography/weindorfer-gustav-9038
18,4480,Cranfield,R.J.,,906,1965.0,2015.0,"Cranfield, R.J.","Cranfield, R.J.","Cranfield, R.J.",1.0,1.0,http://www.wikidata.org/entity/Q19263359,Raymond Jeffrey Cranfield,Cranfield,R.J.,"Cranfield, R.J.",,,,,36616-1,Cranfield,,,1947.0,,,,http://www.wikidata.org/wiki/Q19263359,,,https://www.ipni.org/a/36616-1,,,
19,6737,Forrest,A.,Alex,893,1871.0,1882.0,"Forrest, A.","Forrest, A.","Forrest, A.",1.0,1.0,http://www.wikidata.org/entity/Q706734,Alexander Forrest,Forrest,A.,"Forrest, A.",,55957059,0000 0000 6391 2307,,,,,P001055b,1849.0,1901.0,,,http://www.wikidata.org/wiki/Q706734,,,,,http://www.eoas.info/biogs/P001055b,http://adb.anu.edu.au/biography/forrest-alexander-6208
24,18945,Spencer,R.D.,Roger,851,1969.0,2002.0,"Spencer, R.D.","Spencer, R.D.","Spencer, R.D.",1.0,1.0,http://www.wikidata.org/entity/Q7358068,Roger David Spencer,Spencer,R.D.,"Spencer, R.D.",,77970107,0000 0000 8272 6438,,14570-1,R.D.Spencer,,,1945.0,,,,http://www.wikidata.org/wiki/Q7358068,,,https://www.ipni.org/a/14570-1,,,
29,15632,Pedley,L.,Les,844,1957.0,2014.0,"Pedley, L.","Pedley, L.","Pedley, L.",1.0,1.0,http://www.wikidata.org/entity/Q4347893,Leslie Pedley,Pedley,L.,"Pedley, L.",,36029448,,,7460-1,Pedley,,P001460b,1930.0,2018.0,,,http://www.wikidata.org/wiki/Q4347893,,,https://www.ipni.org/a/7460-1,,http://www.eoas.info/biogs/P001460b,
30,2580,Browne,J.H.,,843,1874.0,2017.0,"Browne, J.H.","Browne, J.H.","Browne, J.H.",1.0,1.0,http://www.wikidata.org/entity/Q6136300,James Howard Browne,Browne,J.H.,"Browne, J.H.",,,,,,,,P004484b,1919.0,2004.0,,,http://www.wikidata.org/wiki/Q6136300,,,,,http://www.eoas.info/biogs/P004484b,
32,12558,Maiden,J.H.,Joseph Henry,839,1826.0,1921.0,"Maiden, J.H.","Maiden, J.H.","Maiden, J.H.",1.0,1.0,http://www.wikidata.org/entity/Q2583058,J. H. Maiden,Maiden,J.H.,"Maiden, J.H.",,10242002,0000 0000 8089 8455,1315.0,5992-1,Maiden,,P001287b,1859.0,1925.0,,,http://www.wikidata.org/wiki/Q2583058,,https://kiki.huh.harvard.edu/databases/botanist_search.php?mode=details&id=1315,https://www.ipni.org/a/5992-1,,http://www.eoas.info/biogs/P001287b,http://adb.anu.edu.au/biography/maiden-joseph-henry-7463
36,14866,Nordenstam,B.,,826,1962.0,1989.0,"Nordenstam, B.","Nordenstam, B.","Nordenstam, B.",1.0,1.0,http://www.wikidata.org/entity/Q4895698,Bertil Nordenstam,Nordenstam,B.,"Nordenstam, B.",,90729183,0000 0000 8163 5796,,7026-1,B.Nord.,,,1936.0,,,,http://www.wikidata.org/wiki/Q4895698,,,https://www.ipni.org/a/7026-1,,,
37,9724,Hubbard,C.E.,,825,1926.0,1950.0,"Hubbard, C.E.","Hubbard, C.E.","Hubbard, C.E.",1.0,1.0,http://www.wikidata.org/entity/Q2353716,Charles Edward Hubbard,Hubbard,C.E.,"Hubbard, C.E.",,79104339,0000 0001 0918 991X,180.0,4192-1,C.E.Hubb.,,,1900.0,1980.0,,,http://www.wikidata.org/wiki/Q2353716,,https://kiki.huh.harvard.edu/databases/botanist_search.php?mode=details&id=180,https://www.ipni.org/a/4192-1,,,
40,327,Anderberg,A.A.,Arne,818,1989.0,2009.0,"Anderberg, A.A.","Anderberg, A.A.","Anderberg, A.A.",1.0,1.0,http://www.wikidata.org/entity/Q4065252,Arne A. Anderberg,Anderberg,A.A.,"Anderberg, A.A.",,53361983,0000 0001 1643 9454,92469.0,14584-1,Anderb.,,,1954.0,,,,http://www.wikidata.org/wiki/Q4065252,,https://kiki.huh.harvard.edu/databases/botanist_search.php?mode=details&id=92469,https://www.ipni.org/a/14584-1,,,
41,3729,Claridge,A.W.,,817,1990.0,2003.0,"Claridge, A.W.","Claridge, A.W.","Claridge, A.W.",1.0,1.0,http://www.wikidata.org/entity/Q36500576,Andrew W. Claridge,Claridge,A.W.,"Claridge, A.W.",,50447475,,16087,20002276-1,Claridge,,,1966.0,,,,http://www.wikidata.org/wiki/Q36500576,,https://kiki.huh.harvard.edu/databases/botanist_search.php?mode=details&id=16087,https://www.ipni.org/a/20002276-1,,,
42,19343,Story,G.F.,George Fordyce,814,1837.0,1879.0,"Story, G.F.","Story, G.F.","Story, G.F.",1.0,1.0,http://www.wikidata.org/entity/Q21538105,George Fordyce Story,Story,G.F.,"Story, G.F.",,,,46297,,,,P001384b,1800.0,1885.0,,,http://www.wikidata.org/wiki/Q21538105,,https://kiki.huh.harvard.edu/databases/botanist_search.php?mode=details&id=46297,,,http://www.eoas.info/biogs/P001384b,http://adb.anu.edu.au/biography/story-george-fordyce-2706
45,21960,Wilson,K.L.,Karen,810,1974.0,2014.0,"Wilson, K.L.","Wilson, K.L.","Wilson, K.L.",1.0,1.0,http://www.wikidata.org/entity/Q5958129,Karen L. Wilson,Wilson,K.L.,"Wilson, K.L.",0000-0001-7419-8222,42021989,0000 0003 7409 927X,,12312-1,K.L.Wilson,,,1950.0,,,,http://www.wikidata.org/wiki/Q5958129,https://orcid.org/0000-0001-7419-8222,,https://www.ipni.org/a/12312-1,,,
46,20308,Trudgen,M.E.,Malcolm,804,1973.0,2011.0,"Trudgen, M.E.","Trudgen, M.E.","Trudgen, M.E.",1.0,1.0,http://www.wikidata.org/entity/Q5990483,Malcolm Eric Trudgen,Trudgen,M.E.,"Trudgen, M.E.",,,,38372,27931-1,Trudgen,,,1951.0,,,,http://www.wikidata.org/wiki/Q5990483,,https://kiki.huh.harvard.edu/databases/botanist_search.php?mode=details&id=38372,https://www.ipni.org/a/27931-1,,,
48,13801,Milligan,J.,,795,1830.0,1897.0,"Milligan, J.","Milligan, J.","Milligan, J.",1.0,1.0,http://www.wikidata.org/entity/Q24088012,Joseph Milligan,Milligan,J.,"Milligan, J.",,92264069,,28020,,,,P002156b,1807.0,1884.0,,,http://www.wikidata.org/wiki/Q24088012,,https://kiki.huh.harvard.edu/databases/botanist_search.php?mode=details&id=28020,,,http://www.eoas.info/biogs/P002156b,http://adb.anu.edu.au/biography/milligan-joseph-2456
52,8443,Hannaford,S.,,778,1850.0,1885.0,"Hannaford, S.","Hannaford, S.","Hannaford, S.",1.0,1.0,http://www.wikidata.org/entity/Q21514621,Samuel Hannaford,Hannaford,S.,"Hannaford, S.",,,,,12166-1,Hannaford,,,1828.0,1874.0,,,http://www.wikidata.org/wiki/Q21514621,,,https://www.ipni.org/a/12166-1,,,
54,14193,Morton,A.,,763,1886.0,2008.0,"Morton, A.","Morton, A.","Morton, A.",1.0,1.0,http://www.wikidata.org/entity/Q21535320,Alexander Morton,Morton,A.,"Morton, A.",,9393153954910805680008,,,,,,P001260b,1854.0,1907.0,,,http://www.wikidata.org/wiki/Q21535320,,,,,http://www.eoas.info/biogs/P001260b,http://adb.anu.edu.au/biography/morton-alexander-7666
60,5840,Eaton,A.,Alice,727,1888.0,1894.0,"Eaton, A.","Eaton, A.","Eaton, A.",1.0,1.0,http://www.wikidata.org/entity/Q474250,Amos Eaton,Eaton,A.,"Eaton, A.",,15547874,0000 0000 5455 8641,1026.0,2447-1,Eaton,,,1776.0,1842.0,,,http://www.wikidata.org/wiki/Q474250,,https://kiki.huh.harvard.edu/databases/botanist_search.php?mode=details&id=1026,https://www.ipni.org/a/2447-1,,,
61,12320,Lyne,A.M.,,721,1978.0,2007.0,"Lyne, A.M.","Lyne, A.M.","Lyne, A.M.",1.0,1.0,http://www.wikidata.org/entity/Q33682944,A.M. Lyne,Lyne,A.M.,"Lyne, A.M.",,,,,36012-1,Lyne,,,,,,,http://www.wikidata.org/wiki/Q33682944,,,https://www.ipni.org/a/36012-1,,,
67,20029,Thwaites,G.H.K.,George Henry Kendrick,714,1846.0,1894.0,"Thwaites, G.H.K.","Thwaites, G.H.K.","Thwaites, G.H.K.",1.0,1.0,http://www.wikidata.org/entity/Q2656749,George Henry Kendrick Thwaites,Thwaites,G.H.K.,"Thwaites, G.H.K.",,3246930,,2789.0,10654-1,Thwaites,,,1812.0,1882.0,,,http://www.wikidata.org/wiki/Q2656749,,https://kiki.huh.harvard.edu/databases/botanist_search.php?mode=details&id=2789,https://www.ipni.org/a/10654-1,,,
69,18897,Sparre,B.,Benkt,706,1966.0,1969.0,"Sparre, B.","Sparre, B.","Sparre, B.",1.0,1.0,http://www.wikidata.org/entity/Q4430684,Benkt Sparre,Sparre,B.,"Sparre, B.",,29516632,0000 0000 5378 1673,8416.0,9951-1,Sparre,,,1918.0,1986.0,,,http://www.wikidata.org/wiki/Q4430684,,https://kiki.huh.harvard.edu/databases/botanist_search.php?mode=details&id=8416,https://www.ipni.org/a/9951-1,,,
73,21015,Wannan,B.S.,Bruce,697,1981.0,2013.0,"Wannan, B.S.","Wannan, B.S.","Wannan, B.S.",1.0,1.0,http://www.wikidata.org/entity/Q26714009,B.S. Wannan,Wannan,B.S.,"Wannan, B.S.",,,,63123,28557-1,Wannan,,,,,,,http://www.wikidata.org/wiki/Q26714009,,https://kiki.huh.harvard.edu/databases/botanist_search.php?mode=details&id=63123,https://www.ipni.org/a/28557-1,,,
97,9862,Hussey,J.L.,,677,1891.0,1898.0,"Hussey, J.L.","Hussey, J.L.","Hussey, J.L.",1.0,1.0,http://www.wikidata.org/entity/Q66763410,Jessie Louisa Hussey,Hussey,J.L.,"Hussey, J.L.",,,,27503,,,,P006107b,1862.0,1899.0,,,http://www.wikidata.org/wiki/Q66763410,,https://kiki.huh.harvard.edu/databases/botanist_search.php?mode=details&id=27503,,,http://www.eoas.info/biogs/P006107b,
98,19594,Syme,K.,Katie,677,1995.0,2018.0,"Syme, K.","Syme, K.","Syme, K.",1.0,1.0,http://www.wikidata.org/entity/Q36609403,Katrina Syme,Syme,K.,"Syme, K.",,,,,20003129-1,K.Syme,,,,,,,http://www.wikidata.org/wiki/Q36609403,,,https://www.ipni.org/a/20003129-1,,,
99,8318,Hall,N.,,676,1962.0,1987.0,"Hall, N.","Hall, N.","Hallé, N.",1.0,1.0,http://www.wikidata.org/entity/Q3206449,Nicolas Hallé,Hallé,N.,"Hallé, N.",,56610955,0000 0001 1764 5137,,3584-1,N.Hallé,,,1927.0,2017.0,,,http://www.wikidata.org/wiki/Q3206449,,,https://www.ipni.org/a/3584-1,,,
100,18619,Slee,A.V.,Andrew,671,1976.0,2012.0,"Slee, A.V.","Slee, A.V.","Slee, A.V.",1.0,1.0,http://www.wikidata.org/entity/Q21609032,Andrew Vernon Slee,Slee,A.V.,"Slee, A.V.",,,,,37064-1,Slee,,,1950.0,,,,http://www.wikidata.org/wiki/Q21609032,,,https://www.ipni.org/a/37064-1,,,
101,2379,Briggs,J.D.,,665,1973.0,1993.0,"Briggs, J.D.","Briggs, J.D.","Briggs, J.D.",1.0,1.0,http://www.wikidata.org/entity/Q5933159,John D. Briggs,Briggs,J.D.,"Briggs, J.D.",,,,,36579-1,J.D.Briggs,,,1955.0,,,,http://www.wikidata.org/wiki/Q5933159,,,https://www.ipni.org/a/36579-1,,,
102,15109,Ohlsen,D.J.,Daniel,663,2008.0,2019.0,"Ohlsen, D.J.","Ohlsen, D.J.","Ohlsen, D.J.",1.0,1.0,http://www.wikidata.org/entity/Q26912975,Daniel J. Ohlsen,Ohlsen,D.J.,"Ohlsen, D.J.",,,,,20016740-1,D.J.Ohlsen,,,,,,,http://www.wikidata.org/wiki/Q26912975,,,https://www.ipni.org/a/20016740-1,,,
107,12415,MacGregor,W.,William,650,1876.0,1989.0,"MacGregor, W.","MacGregor, W.","MacGregor, W.",1.0,1.0,http://www.wikidata.org/entity/Q2579853,William MacGregor,MacGregor,W.,"MacGregor, W.",,93588278,0000 0001 1687 8975,11554.0,20016228-1,W.MacGregor,,,1846.0,1919.0,,,http://www.wikidata.org/wiki/Q2579853,,https://kiki.huh.harvard.edu/databases/botanist_search.php?mode=details&id=11554,https://www.ipni.org/a/20016228-1,,,http://adb.anu.edu.au/biography/macgregor-sir-william-4097
108,21713,Wight,R.,Robert,649,1821.0,1867.0,"Wight, R.","Wight, R.","Wight, R.",1.0,1.0,http://www.wikidata.org/entity/Q1375864,Robert Wight,Wight,R.,"Wight, R.",,32772286,0000 0001 2127 0147,1098.0,11658-1,Wight,,,1796.0,1872.0,,,http://www.wikidata.org/wiki/Q1375864,,https://kiki.huh.harvard.edu/databases/botanist_search.php?mode=details&id=1098,https://www.ipni.org/a/11658-1,,,
110,7302,Gebert,W.A.,Wayne,638,1998.0,2019.0,"Gebert, W.A.","Gebert, W.A.","Gebert, W.A.",1.0,1.0,http://www.wikidata.org/entity/Q21513843,Wayne Ashley Gebert,Gebert,W.A.,"Gebert, W.A.",,,,,20014240-1,Gebert,,,1976.0,,,,http://www.wikidata.org/wiki/Q21513843,,,https://www.ipni.org/a/20014240-1,,,
117,17775,Scarlett,N.H.,Neville,621,1964.0,2018.0,"Scarlett, N.H.","Scarlett, N.H.","Scarlett, N.H.",1.0,1.0,http://www.wikidata.org/entity/Q19004122,N.H. Scarlett,Scarlett,N.H.,"Scarlett, N.H.",,,,,39747-1,Scarlett,,,,,,,http://www.wikidata.org/wiki/Q19004122,,,https://www.ipni.org/a/39747-1,,,
119,14635,Neish,P.G.,Peter,620,1995.0,1999.0,"Neish, P.G.","Neish, P.G.","Neish, P.G.",1.0,1.0,http://www.wikidata.org/entity/Q36653927,Peter G. Neish,Neish,P.G.,"Neish, P.G.",,,,,39460-1,P.G.Neish,,,,,,,http://www.wikidata.org/wiki/Q36653927,,,https://www.ipni.org/a/39460-1,,,
121,1418,Belcher,R.O.,Robert,607,1945.0,1982.0,"Belcher, R.O.","Belcher, R.O.","Belcher, R.O.",1.0,1.0,http://www.wikidata.org/entity/Q21395349,Robert Orange Belcher,Belcher,R.O.,"Belcher, R.O.",,,,,628-1,Belcher,,,1918.0,,,,http://www.wikidata.org/wiki/Q21395349,,,https://www.ipni.org/a/628-1,,,
124,14118,Moritz,J.W.K.,,598,1844.0,1847.0,"Moritz, J.W.K.","Moritz, J.W.K.","Moritz, J.W.K.",1.0,1.0,http://www.wikidata.org/entity/Q101052,Johann Wilhelm Karl Moritz,Moritz,J.W.K.,"Moritz, J.W.K.",,,,79757.0,6661-1,Moritz,,,1797.0,1866.0,,,http://www.wikidata.org/wiki/Q101052,,https://kiki.huh.harvard.edu/databases/botanist_search.php?mode=details&id=79757,https://www.ipni.org/a/6661-1,,,
125,5912,Edmunds,M.,,597,1999.0,2012.0,"Edmunds, M.","Edmunds, M.","Edmunds, M.",1.0,1.0,http://www.wikidata.org/entity/Q21393656,Malcolm Edmunds,Edmunds,M.,"Edmunds, M.",,,,,,,,,,,,,http://www.wikidata.org/wiki/Q21393656,,,,,,
127,16156,Powell,J.M.,,593,1975.0,1993.0,"Powell, J.M.","Powell, J.M.","Powell, J.M.",1.0,1.0,http://www.wikidata.org/entity/Q21523165,Jocelyn Marie Powell,Powell,J.M.,"Powell, J.M.",,,,,12246-1,J.M.Powell,,,1939.0,,,,http://www.wikidata.org/wiki/Q21523165,,,https://www.ipni.org/a/12246-1,,,
130,8297,Halford,D.A.,,583,1989.0,2014.0,"Halford, D.A.","Halford, D.A.","Halford, D.A.",1.0,1.0,http://www.wikidata.org/entity/Q15711547,David A. Halford,Halford,D.A.,"Halford, D.A.",,,,77960,35901-1,Halford,,,,,,,http://www.wikidata.org/wiki/Q15711547,,https://kiki.huh.harvard.edu/databases/botanist_search.php?mode=details&id=77960,https://www.ipni.org/a/35901-1,,,
135,19347,Story,R.,,577,1959.0,1980.0,"Story, R.","Story, R.","Story, R.",1.0,1.0,http://www.wikidata.org/entity/Q18166629,Robert Story,Story,R.,"Story, R.",,306222201,0000 0004 2594 0306,,10190-1,Story,,,1913.0,1999.0,,,http://www.wikidata.org/wiki/Q18166629,,,https://www.ipni.org/a/10190-1,,,
136,21292,Weber,J.Z.,,577,1966.0,1994.0,"Weber, J.Z.","Weber, J.Z.","Weber, J.Z.",1.0,1.0,http://www.wikidata.org/entity/Q21388163,Joseph Zvonko Weber,Weber,J.Z.,"Weber, J.Z.",,,,19063,13333-1,J.Z.Weber,,,1930.0,1996.0,,,http://www.wikidata.org/wiki/Q21388163,,https://kiki.huh.harvard.edu/databases/botanist_search.php?mode=details&id=19063,https://www.ipni.org/a/13333-1,,,
137,4729,Cuming,H.,Hugh,576,1831.0,1894.0,"Cuming, H.","Cuming, H.","Cuming, H.",1.0,1.0,http://www.wikidata.org/entity/Q718866,Hugh Cuming,Cuming,H.,"Cuming, H.",,5691211,0000 0000 2217 9479,26236.0,1912-1,Cuming,,,1791.0,1865.0,,,http://www.wikidata.org/wiki/Q718866,,https://kiki.huh.harvard.edu/databases/botanist_search.php?mode=details&id=26236,https://www.ipni.org/a/1912-1,,,
139,22112,Womersley,H.B.S.,,574,1943.0,2002.0,"Womersley, H.B.S.","Womersley, H.B.S.","Womersley, H.B.S.",1.0,1.0,http://www.wikidata.org/entity/Q21338083,Hugh Brian Spencer Womersley,Womersley,H.B.S.,"Womersley, H.B.S.",,119086888,0000 0000 8334 2006,70040.0,31820-1,Womersley,,P003504b,1922.0,2011.0,,,http://www.wikidata.org/wiki/Q21338083,,https://kiki.huh.harvard.edu/databases/botanist_search.php?mode=details&id=70040,https://www.ipni.org/a/31820-1,,http://www.eoas.info/biogs/P003504b,
140,3262,Carr,D.J.,,569,1954.0,1986.0,"Carr, D.J.","Carr, D.J.","Carr, D.J.",1.0,1.0,http://www.wikidata.org/entity/Q5086693,Dennis John Carr,Carr,D.J.,"Carr, D.J.",,70063576,0000 0001 1666 9903,,16920-1,D.J.Carr,,P001501b,1915.0,2008.0,,,http://www.wikidata.org/wiki/Q5086693,,,https://www.ipni.org/a/16920-1,,http://www.eoas.info/biogs/P001501b,
143,2371,Briggs,B.G.,Barbara,566,1955.0,2013.0,"Briggs, B.G.","Briggs, B.G.","Briggs, B.G.",1.0,1.0,http://www.wikidata.org/entity/Q2356897,Barbara G. Briggs,Briggs,B.G.,"Briggs, B.G.",,312946682,,37457.0,1142-1,B.G.Briggs,,P005248b,1934.0,,,,http://www.wikidata.org/wiki/Q2356897,,https://kiki.huh.harvard.edu/databases/botanist_search.php?mode=details&id=37457,https://www.ipni.org/a/1142-1,,http://www.eoas.info/biogs/P005248b,
145,19800,Teijsmann,J.E.,Johannes,555,1855.0,1889.0,"Teijsmann, J.E.","Teijsmann, J.E.","Teijsmann, J.E.",1.0,1.0,http://www.wikidata.org/entity/Q969548,Johannes Elias Teijsmann,Teijsmann,J.E.,"Teijsmann, J.E.",,100807233,0000 0000 7132 4484,28565.0,10486-1,Teijsm.,,,1808.0,1882.0,,,http://www.wikidata.org/wiki/Q969548,,https://kiki.huh.harvard.edu/databases/botanist_search.php?mode=details&id=28565,https://www.ipni.org/a/10486-1,,,
150,22135,Wood,J.M.,John Medley,545,1879.0,1991.0,"Wood, J.M.","Wood, J.M.","Wood, J.M.",1.0,1.0,http://www.wikidata.org/entity/Q1701052,John Medley Wood,Wood,J.M.,"Wood, J.M.",,37698418,,46582.0,11845-1,J.M.Wood,,,1827.0,1915.0,,,http://www.wikidata.org/wiki/Q1701052,,https://kiki.huh.harvard.edu/databases/botanist_search.php?mode=details&id=46582,https://www.ipni.org/a/11845-1,,,
151,7037,Fuhrer,B.A.,Bruce,540,1942.0,2013.0,"Fuhrer, B.A.","Fuhrer, B.A.","Fuhrer, B.A.",1.0,1.0,http://www.wikidata.org/entity/Q4977034,Bruce A. Fuhrer,Fuhrer,B.A.,"Fuhrer, B.A.",,45633261,0000 0000 8449 6963,,20001004-1,Fuhrer,,,1930.0,,,,http://www.wikidata.org/wiki/Q4977034,,,https://www.ipni.org/a/20001004-1,,,
154,85,Adams,L.G.,Laurie,537,1962.0,2006.0,"Adams, L.G.","Adams, L.G.","Adams, L.G.",1.0,1.0,http://www.wikidata.org/entity/Q10316562,Laurence George Adams,Adams,L.G.,"Adams, L.G.",,,,,12081-1,L.G.Adams,,P005518b,1929.0,2014.0,,,http://www.wikidata.org/wiki/Q10316562,,,https://www.ipni.org/a/12081-1,,http://www.eoas.info/biogs/P005518b,
155,27362,Horton,B.M.,Bryony,537,2007.0,2008.0,"Horton, B.M.","Horton, B.M.","Horton, B.M.",1.0,1.0,http://www.wikidata.org/entity/Q21516071,Bryony Maree Horton,Horton,B.M.,"Horton, B.M.",,,,,20003810-1,B.M.Horton,,,1978.0,,,,http://www.wikidata.org/wiki/Q21516071,,,https://www.ipni.org/a/20003810-1,,,
161,7941,Greuter,W.,Werner,530,1963.0,2015.0,"Greuter, W.","Greuter, W.","Greuter, W.",1.0,1.0,http://www.wikidata.org/entity/Q123950,Werner Greuter,Greuter,W.,"Greuter, W.",0000-0002-8677-7544,44388294,0000 0001 1918 5613,67399.0,3379-1,Greuter,,,1938.0,,,,http://www.wikidata.org/wiki/Q123950,https://orcid.org/0000-0002-8677-7544,https://kiki.huh.harvard.edu/databases/botanist_search.php?mode=details&id=67399,https://www.ipni.org/a/3379-1,,,
162,3874,Clifford,H.T.,,528,1940.0,1984.0,"Clifford, H.T.","Clifford, H.T.","Clifford, H.T.",1.0,1.0,http://www.wikidata.org/entity/Q5892430,Harold Trevor Clifford,Clifford,H.T.,"Clifford, H.T.",,56670060,0000 0001 1063 8946,73110,1697-1,Clifford,,P004663b,1927.0,,,,http://www.wikidata.org/wiki/Q5892430,,https://kiki.huh.harvard.edu/databases/botanist_search.php?mode=details&id=73110,https://www.ipni.org/a/1697-1,,http://www.eoas.info/biogs/P004663b,
166,18024,Scortechini,B.,Benedetto,521,1880.0,1887.0,"Scortechini, B.","Scortechini, B.","Scortechini, B.",1.0,1.0,http://www.wikidata.org/entity/Q5725585,Benedetto Scortechini,Scortechini,B.,"Scortechini, B.",,92318670,,48182.0,9386-1,Scort.,,,1845.0,1886.0,,,http://www.wikidata.org/wiki/Q5725585,,https://kiki.huh.harvard.edu/databases/botanist_search.php?mode=details&id=48182,https://www.ipni.org/a/9386-1,,,
167,5235,Dempster,A.,,518,1870.0,1896.0,"Dempster, A.","Dempster, A.","Dempster, A.",1.0,1.0,http://www.wikidata.org/entity/Q21535572,Andrew Dempster,Dempster,A.,"Dempster, A.",,305105112,,,,,,,1843.0,1909.0,,,http://www.wikidata.org/wiki/Q21535572,,,,,,http://adb.anu.edu.au/biography/dempster-andrew-3881
170,5981,Eichler,H.,,518,1956.0,1992.0,"Eichler, H.","Eichler, H.","Eichler, H.",1.0,1.0,http://www.wikidata.org/entity/Q4530123,Hansjörg Eichler,Eichler,H.,"Eichler, H.",,32459507,0000 0000 6318 0476,111.0,2489-1,H.Eichler,Q4530123,P002340b,1916.0,1992.0,,,http://www.wikidata.org/wiki/Q4530123,,https://kiki.huh.harvard.edu/databases/botanist_search.php?mode=details&id=111,https://www.ipni.org/a/2489-1,https://bloodhound-tracker.net/Q4530123,http://www.eoas.info/biogs/P002340b,
172,5623,Drummond,T.,Thomas,506,1828.0,1928.0,"Drummond, T.","Drummond, T.","Drummond, T.",1.0,1.0,http://www.wikidata.org/entity/Q7789064,Thomas Drummond,Drummond,T.,"Drummond, T.",,104476700,,155.0,18209-1,Drumm.,,,1780.0,1835.0,,,http://www.wikidata.org/wiki/Q7789064,,https://kiki.huh.harvard.edu/databases/botanist_search.php?mode=details&id=155,https://www.ipni.org/a/18209-1,,,
174,18508,Simson,A.,,501,1838.0,1978.0,"Simson, A.","Simson, A.","Simson, A.",1.0,1.0,http://www.wikidata.org/entity/Q2871726,Augustus Simson,Simson,A.,"Simson, A.",,,,43090.0,13324-1,Simson,,P001933b,1836.0,1918.0,,,http://www.wikidata.org/wiki/Q2871726,,https://kiki.huh.harvard.edu/databases/botanist_search.php?mode=details&id=43090,https://www.ipni.org/a/13324-1,,http://www.eoas.info/biogs/P001933b,
7,6950,French,C.,,949,1867.0,2001.0,"French, C.","French, C.","French, C.",1.0,2.0,http://www.wikidata.org/entity/Q5077883,Charles French,French,C.,"French, C.",,16408853,0000 0001 1477 4996,,,,,P001051b,1842.0,1933.0,,,http://www.wikidata.org/wiki/Q5077883,,,,,http://www.eoas.info/biogs/P001051b,http://adb.anu.edu.au/biography/french-charles-6246
8,6950,French,C.,,949,1867.0,2001.0,"French, C.","French, C.","French, C.",1.0,2.0,http://www.wikidata.org/entity/Q21513525,Charles French,French,C.,"French, C.",,,,6184,2896-1,French,,,1840.0,1890.0,,,http://www.wikidata.org/wiki/Q21513525,,https://kiki.huh.harvard.edu/databases/botanist_search.php?mode=details&id=6184,https://www.ipni.org/a/2896-1,,,
9,760,Bailey,F.M.,Frederick Manson,945,1869.0,1901.0,"Bailey, F.M.","Bailey, F.M.","Bailey, F.M.",1.0,2.0,http://www.wikidata.org/entity/Q973866,Frederick Marshman Bailey,Bailey,F.M.,"Bailey, F.M.",,94857158,0000 0000 8283 0200,,,,,,1882.0,1967.0,,,http://www.wikidata.org/wiki/Q973866,,,,,,
10,760,Bailey,F.M.,Frederick Manson,945,1869.0,1901.0,"Bailey, F.M.","Bailey, F.M.","Bailey, F.M.",1.0,2.0,http://www.wikidata.org/entity/Q2659122,Frederick Manson Bailey,Bailey,F.M.,"Bailey, F.M.",,61124568,0000 0000 8246 399X,242.0,392-1,F.M.Bailey,,P000030b,1827.0,1915.0,,,http://www.wikidata.org/wiki/Q2659122,,https://kiki.huh.harvard.edu/databases/botanist_search.php?mode=details&id=242,https://www.ipni.org/a/392-1,,http://www.eoas.info/biogs/P000030b,http://adb.anu.edu.au/biography/bailey-frederick-manson-2918
20,19976,Thomson,T.,Thomas,878,1845.0,1885.0,"Thomson, T.","Thomson, T.","Thomson, T.",1.0,2.0,http://www.wikidata.org/entity/Q902546,Thomas Thomson,Thomson,T.,"Thomson, T.",,34570795,0000 0000 8371 2679,,,,,,1773.0,1852.0,,,http://www.wikidata.org/wiki/Q902546,,,,,,
21,19976,Thomson,T.,Thomas,878,1845.0,1885.0,"Thomson, T.","Thomson, T.","Thomson, T.",1.0,2.0,http://www.wikidata.org/entity/Q2427703,Thomas Thomson,Thomson,T.,"Thomson, T.",,24688738,0000 0000 8103 3517,2336.0,10621-1,Thomson,,,1817.0,1878.0,,,http://www.wikidata.org/wiki/Q2427703,,https://kiki.huh.harvard.edu/databases/botanist_search.php?mode=details&id=2336,https://www.ipni.org/a/10621-1,,,
38,21214,Watts,W.W.,,824,1887.0,1971.0,"Watts, W.W.","Watts, W.W.","Watts, W.W.",1.0,2.0,http://www.wikidata.org/entity/Q2516590,William Whitehead Watts,Watts,W.W.,"Watts, W.W.",,49588388,0000 0000 5512 540X,,,,,,1860.0,1947.0,,,http://www.wikidata.org/wiki/Q2516590,,,,,,
39,21214,Watts,W.W.,,824,1887.0,1971.0,"Watts, W.W.","Watts, W.W.","Watts, W.W.",1.0,2.0,http://www.wikidata.org/entity/Q3569020,William Walter Watts,Watts,W.W.,"Watts, W.W.",,,,72520.0,11444-1,Watts,,P005610b,1856.0,1920.0,,,http://www.wikidata.org/wiki/Q3569020,,https://kiki.huh.harvard.edu/databases/botanist_search.php?mode=details&id=72520,https://www.ipni.org/a/11444-1,,http://www.eoas.info/biogs/P005610b,
43,9838,Hunter,W.,,813,1896.0,1964.0,"Hunter, W.","Hunter, W.","Hunter, W.",1.0,2.0,http://www.wikidata.org/entity/Q944360,William Hunter,Hunter,W.,"Hunter, W.",,41937557,0000 0001 2129 8203,,,,,,1718.0,1783.0,,,http://www.wikidata.org/wiki/Q944360,,,,,,
44,9838,Hunter,W.,,813,1896.0,1964.0,"Hunter, W.","Hunter, W.","Hunter, W.",1.0,2.0,http://www.wikidata.org/entity/Q3568719,William Hunter,Hunter,W.,"Hunter, W.",,21050292,0000 0000 8100 2358,41110.0,4237-1,W.Hunter,,,1755.0,1812.0,,,http://www.wikidata.org/wiki/Q3568719,,https://kiki.huh.harvard.edu/databases/botanist_search.php?mode=details&id=41110,https://www.ipni.org/a/4237-1,,,
131,2665,Buchanan,A.M.,,578,1980.0,2010.0,"Buchanan, A.M.","Buchanan, A.M.","Buchanan, A.M.",1.0,2.0,http://www.wikidata.org/entity/Q21506601,Alex M. Buchanan,Buchanan,A.M.,"Buchanan, A.M.",,,,,16655-1,A.M.Buchanan,,,1944.0,,,,http://www.wikidata.org/wiki/Q21506601,,,https://www.ipni.org/a/16655-1,,,
132,2665,Buchanan,A.M.,,578,1980.0,2010.0,"Buchanan, A.M.","Buchanan, A.M.","Buchanan, A.M.",1.0,2.0,http://www.wikidata.org/entity/Q21337603,Audria M. Buchanan,Buchanan,A.M.,"Buchanan, A.M.",,,,,,,,,,,,,http://www.wikidata.org/wiki/Q21337603,,,,,,
148,9186,Hill,W.,Walter,546,1855.0,1892.0,"Hill, W.","Hill, W.","Hill, W.",1.0,2.0,http://www.wikidata.org/entity/Q7965146,Walter Hill,Hill,W.,"Hill, W.",,,,17305,13193-1,W.Hill,,P001462b,1819.0,1904.0,,,http://www.wikidata.org/wiki/Q7965146,,https://kiki.huh.harvard.edu/databases/botanist_search.php?mode=details&id=17305,https://www.ipni.org/a/13193-1,,http://www.eoas.info/biogs/P001462b,http://adb.anu.edu.au/biography/hill-walter-12981
149,9186,Hill,W.,Walter,546,1855.0,1892.0,"Hill, W.","Hill, W.","Hill, W.",1.0,2.0,http://www.wikidata.org/entity/Q8012334,William Hill,Hill,W.,"Hill, W.",,91738996,,,,,,,1866.0,1939.0,,,http://www.wikidata.org/wiki/Q8012334,,,,,,http://adb.anu.edu.au/biography/hill-william-caldwell-6673
104,3448,Chalmers,J.,James,650,1855.0,1889.0,"Chalmers, J.","Chalmers, J.","Chalmers, J.",1.0,3.0,http://www.wikidata.org/entity/Q1680148,James Chalmers,Chalmers,J.,"Chalmers, J.",,19335077,0000 0000 8432 3763,3109.0,,,,,1841.0,1901.0,,,http://www.wikidata.org/wiki/Q1680148,,https://kiki.huh.harvard.edu/databases/botanist_search.php?mode=details&id=3109,,,,http://adb.anu.edu.au/biography/chalmers-james-3187
105,3448,Chalmers,J.,James,650,1855.0,1889.0,"Chalmers, J.","Chalmers, J.","Chalmers, J.",1.0,3.0,http://www.wikidata.org/entity/Q47115269,James Chalmers,Chalmers,J.,"Chalmers, J.",,,,,1499-1,J.Chalm.,,,,,,,http://www.wikidata.org/wiki/Q47115269,,,https://www.ipni.org/a/1499-1,,,
106,3448,Chalmers,J.,James,650,1855.0,1889.0,"Chalmers, J.","Chalmers, J.","Chalmers, J.",1.0,3.0,http://www.wikidata.org/entity/Q16009941,Jack Chalmers,Chalmers,J.,"Chalmers, J.",,,,,,,,,1894.0,1982.0,,,http://www.wikidata.org/wiki/Q16009941,,,,,,http://adb.anu.edu.au/biography/chalmers-john-jack-12303
81,349,Anderson,J.,,688,1815.0,1969.0,"Anderson, J.","Anderson, J.","Anderson, J.",1.0,12.0,http://www.wikidata.org/entity/Q1349404,John Anderson,Anderson,J.,"Anderson, J.",,19988451,0000 0000 8099 4105,22637.0,,,,,1833.0,1900.0,,,http://www.wikidata.org/wiki/Q1349404,,https://kiki.huh.harvard.edu/databases/botanist_search.php?mode=details&id=22637,,,,
82,349,Anderson,J.,,688,1815.0,1969.0,"Anderson, J.","Anderson, J.","Anderson, J.",1.0,12.0,http://www.wikidata.org/entity/Q617109,James Anderson,Anderson,J.,"Anderson, J.",,77099040,0000 0000 8157 8787,,,,,,1739.0,1808.0,,,http://www.wikidata.org/wiki/Q617109,,,,,,
83,349,Anderson,J.,,688,1815.0,1969.0,"Anderson, J.","Anderson, J.","Anderson, J.",1.0,12.0,http://www.wikidata.org/entity/Q1692339,Johann Anderson,Anderson,J.,"Anderson, J.",,52753209,0000 0000 8232 4455,,,,,,1674.0,1743.0,,,http://www.wikidata.org/wiki/Q1692339,,,,,,
84,349,Anderson,J.,,688,1815.0,1969.0,"Anderson, J.","Anderson, J.","Anderson, J.",1.0,12.0,http://www.wikidata.org/entity/Q88828413,John Anderson,Anderson,J.,"Anderson, J.",,,,,,,,,1796.0,1864.0,,,http://www.wikidata.org/wiki/Q88828413,,,,,,
85,349,Anderson,J.,,688,1815.0,1969.0,"Anderson, J.","Anderson, J.","Anderson, J.",1.0,12.0,http://www.wikidata.org/entity/Q550299,James Anderson,Anderson,J.,"Anderson, J.",,33417635,0000 0000 2868 9904,76280.0,194-1,Anderson,,,1738.0,1809.0,,,http://www.wikidata.org/wiki/Q550299,,https://kiki.huh.harvard.edu/databases/botanist_search.php?mode=details&id=76280,https://www.ipni.org/a/194-1,,,
86,349,Anderson,J.,,688,1815.0,1969.0,"Anderson, J.","Anderson, J.","Anderson, J.",1.0,12.0,http://www.wikidata.org/entity/Q21516191,James Anderson,Anderson,J.,"Anderson, J.",,,,,13849-1,J.Anderson,,,,,,,http://www.wikidata.org/wiki/Q21516191,,,https://www.ipni.org/a/13849-1,,,
87,349,Anderson,J.,,688,1815.0,1969.0,"Anderson, J.","Anderson, J.","Anderson, J.",1.0,12.0,http://www.wikidata.org/entity/Q6148471,Jan Anderson,Anderson,J.,"Anderson, J.",,,,,,,,P004441b,1932.0,2015.0,,,http://www.wikidata.org/wiki/Q6148471,,,,,http://www.eoas.info/biogs/P004441b,
88,349,Anderson,J.,,688,1815.0,1969.0,"Anderson, J.","Anderson, J.","Anderson, J.",1.0,12.0,http://www.wikidata.org/entity/Q1679953,James Anderson,Anderson,J.,"Anderson, J.",,,,,,,,,1895.0,1973.0,1926.0,,http://www.wikidata.org/wiki/Q1679953,,,,,,http://adb.anu.edu.au/biography/anderson-james-outram-9358
89,349,Anderson,J.,,688,1815.0,1969.0,"Anderson, J.","Anderson, J.","Anderson, J.",1.0,12.0,http://www.wikidata.org/entity/Q3296918,John Anderson,Anderson,J.,"Anderson, J.",,112712940,0000 0000 8410 0615,,,,,,1893.0,1962.0,,,http://www.wikidata.org/wiki/Q3296918,,,,,,http://adb.anu.edu.au/biography/anderson-john-5017
90,349,Anderson,J.,,688,1815.0,1969.0,"Anderson, J.","Anderson, J.","Anderson, J.",1.0,12.0,http://www.wikidata.org/entity/Q6281042,Joseph Anderson,Anderson,J.,"Anderson, J.",,,,,,,,,1790.0,1877.0,,,http://www.wikidata.org/wiki/Q6281042,,,,,,http://adb.anu.edu.au/biography/anderson-joseph-1705
91,349,Anderson,J.,,688,1815.0,1969.0,"Anderson, J.","Anderson, J.","Anderson, J.",1.0,12.0,http://www.wikidata.org/entity/Q21535198,John Anderson,Anderson,J.,"Anderson, J.",,,,,,,,,1790.0,1858.0,,,http://www.wikidata.org/wiki/Q21535198,,,,,,http://adb.anu.edu.au/biography/anderson-john-1704
92,349,Anderson,J.,,688,1815.0,1969.0,"Anderson, J.","Anderson, J.","Anderson, J.",1.0,12.0,http://www.wikidata.org/entity/Q230415,Judith Anderson,Anderson,J.,"Anderson, J.",,74036593,0000 0000 7977 8501,,,,,,1897.0,1992.0,,1937.0,http://www.wikidata.org/wiki/Q230415,,,,,,http://adb.anu.edu.au/biography/anderson-dame-frances-margaret-judith-17007
165,20706,Vilgalys,R.,,523,1995.0,1995.0,"Vilgalys, R.","Vilgalys, R.","Vilgalys, R.J.",0.943,1.0,http://www.wikidata.org/entity/Q21337721,Rytas J. Vilgalys,Vilgalys,R.J.,"Vilgalys, R.J.",0000-0001-8299-3605,,,,28375-1,Vilgalys,,,1958.0,,,,http://www.wikidata.org/wiki/Q21337721,https://orcid.org/0000-0001-8299-3605,,https://www.ipni.org/a/28375-1,,,
65,19810,Telford,I.R.,Ian,715,1967.0,2011.0,"Telford, I.R.","Telford, I.R.","Telford, I.R.H.",0.941,1.0,http://www.wikidata.org/entity/Q19521871,Ian R.H. Telford,Telford,I.R.H.,"Telford, I.R.H.",,,,,27598-1,I.Telford,,,1941.0,,,,http://www.wikidata.org/wiki/Q19521871,,,https://www.ipni.org/a/27598-1,,,
153,7028,Fryxell,P.A.,,538,1983.0,1998.0,"Fryxell, P.A.","Fryxell, P.A.","Fryxell, P.",0.939,1.0,http://www.wikidata.org/entity/Q7150752,Paul Fryxell,Fryxell,P.,"Fryxell, P.",,30852899,0000 0000 6723 0784,30331,2942-1,Fryxell,,,1927.0,2011.0,,,http://www.wikidata.org/wiki/Q7150752,,https://kiki.huh.harvard.edu/databases/botanist_search.php?mode=details&id=30331,https://www.ipni.org/a/2942-1,,,
55,21729,Wilcox,J.F.,,760,1864.0,1878.0,"Wilcox, J.F.","Wilcox, J.F.","Wilcox, J.",0.938,2.0,http://www.wikidata.org/entity/Q55074154,Joseph Wilcox,Wilcox,J.,"Wilcox, J.",,75439108,0000 0000 2987 647X,,,,,,1901.0,1982.0,,,http://www.wikidata.org/wiki/Q55074154,,,,,,
56,21729,Wilcox,J.F.,,760,1864.0,1878.0,"Wilcox, J.F.","Wilcox, J.F.","Wilcox, J.",0.938,2.0,http://www.wikidata.org/entity/Q21388303,Joe Wilcox,Wilcox,J.,"Wilcox, J.",,,,,,,,,,,,,http://www.wikidata.org/wiki/Q21388303,,,,,,
133,4501,Crawford,A.R.,,577,1854.0,1985.0,"Crawford, A.R.","Crawford, A.R.","Crawford, A.",0.938,2.0,http://www.wikidata.org/entity/Q21535276,Alexander Crawford,Crawford,A.,"Crawford, A.",,,,,,,,P001022b,1857.0,1935.0,,,http://www.wikidata.org/wiki/Q21535276,,,,,http://www.eoas.info/biogs/P001022b,http://adb.anu.edu.au/biography/crawford-alexander-5810
134,4501,Crawford,A.R.,,577,1854.0,1985.0,"Crawford, A.R.","Crawford, A.R.","Crawford, A.",0.938,2.0,http://www.wikidata.org/entity/Q21540056,Andrew Crawford,Crawford,A.,"Crawford, A.",,,,,,,,,1815.0,1899.0,,,http://www.wikidata.org/wiki/Q21540056,,,,,,http://adb.anu.edu.au/biography/crawford-andrew-3285
12,4558,Crisp,M.D.,Michael,941,1968.0,2015.0,"Crisp, M.D.","Crisp, M.D.","Crisp, M.",0.936,1.0,http://www.wikidata.org/entity/Q4241213,Michael Crisp,Crisp,M.,"Crisp, M.",,,,9609.0,12123-1,Crisp,,,1950.0,,,,http://www.wikidata.org/wiki/Q4241213,,https://kiki.huh.harvard.edu/databases/botanist_search.php?mode=details&id=9609,https://www.ipni.org/a/12123-1,,,
103,18173,Seppelt,R.D.,Rod,658,1966.0,2009.0,"Seppelt, R.D.","Seppelt, R.D.","Seppelt, R.",0.931,1.0,http://www.wikidata.org/entity/Q21340338,Rod Seppelt,Seppelt,R.,"Seppelt, R.",,33604287,0000 0001 1948 2618,93461,26520-1,Seppelt,,P005697b,1945.0,,,,http://www.wikidata.org/wiki/Q21340338,,https://kiki.huh.harvard.edu/databases/botanist_search.php?mode=details&id=93461,https://www.ipni.org/a/26520-1,,http://www.eoas.info/biogs/P005697b,
120,3623,Chinnock,R.J.,Robert (Bob),618,1959.0,2012.0,"Chinnock, R.J.","Chinnock, R.J.","Chinnock, R.",0.927,1.0,http://www.wikidata.org/entity/Q22958786,Robert Chinnock,Chinnock,R.,"Chinnock, R.",,55774522,0000 0001 1647 3804,70796,1598-1,Chinnock,,,1943.0,,,,http://www.wikidata.org/wiki/Q22958786,,https://kiki.huh.harvard.edu/databases/botanist_search.php?mode=details&id=70796,https://www.ipni.org/a/1598-1,,,
156,15876,Phillips,M.E.,,532,1953.0,1981.0,"Phillips, M.E.","Phillips, M.E.","Phillips, M.",0.927,1.0,http://www.wikidata.org/entity/Q6765333,Marion Phillips,Phillips,M.,"Phillips, M.",,252652212,0000 0003 7578 4287,,,,,,1881.0,1932.0,,,http://www.wikidata.org/wiki/Q6765333,,,,,,http://adb.anu.edu.au/biography/phillips-marion-8036
57,13533,Meebold,A.K.,,756,1851.0,1936.0,"Meebold, A.K.","Meebold, A.K.","Meebold, A.",0.926,1.0,http://www.wikidata.org/entity/Q96682,Alfred Meebold,Meebold,A.,"Meebold, A.",,102623050,0000 0000 7888 6287,30419.0,,,,,1863.0,1952.0,,,http://www.wikidata.org/wiki/Q96682,,https://kiki.huh.harvard.edu/databases/botanist_search.php?mode=details&id=30419,,,,
157,8939,Henderson,J.A.,,531,1863.0,1900.0,"Henderson, J.A.","Henderson, J.A.","Henderson, J.",0.925,4.0,http://www.wikidata.org/entity/Q6313720,Junius Henderson,Henderson,J.,"Henderson, J.",,19813148,0000 0000 8098 9939,40131.0,,,,,1865.0,1937.0,,,http://www.wikidata.org/wiki/Q6313720,,https://kiki.huh.harvard.edu/databases/botanist_search.php?mode=details&id=40131,,,,
158,8939,Henderson,J.A.,,531,1863.0,1900.0,"Henderson, J.A.","Henderson, J.A.","Henderson, J.",0.925,4.0,http://www.wikidata.org/entity/Q18169334,John Henderson,Henderson,J.,"Henderson, J.",,88119611,0000 0000 8399 0660,,,,,,1870.0,1923.0,,,http://www.wikidata.org/wiki/Q18169334,,,,,,
159,8939,Henderson,J.A.,,531,1863.0,1900.0,"Henderson, J.A.","Henderson, J.A.","Henderson, J.",0.925,4.0,http://www.wikidata.org/entity/Q47118734,James Henderson,Henderson,J.,"Henderson, J.",,,,,37859-1,J.Hend.,,,,,,,http://www.wikidata.org/wiki/Q47118734,,,https://www.ipni.org/a/37859-1,,,
160,8939,Henderson,J.A.,,531,1863.0,1900.0,"Henderson, J.A.","Henderson, J.A.","Henderson, J.",0.925,4.0,http://www.wikidata.org/entity/Q21535154,Jocelyn Henderson,Henderson,J.,"Henderson, J.",,,,,,,,,1905.0,1972.0,,,http://www.wikidata.org/wiki/Q21535154,,,,,,http://adb.anu.edu.au/biography/henderson-jocelyn-10481
122,8296,Halford,D.,David,607,1980.0,2012.0,"Halford, D.","Halford, D.","Halford, D.A.",0.924,1.0,http://www.wikidata.org/entity/Q15711547,David A. Halford,Halford,D.A.,"Halford, D.A.",,,,77960,35901-1,Halford,,,,,,,http://www.wikidata.org/wiki/Q15711547,,https://kiki.huh.harvard.edu/databases/botanist_search.php?mode=details&id=77960,https://www.ipni.org/a/35901-1,,,
144,10764,Kennedy,M.B.,Mary,560,1885.0,1889.0,"Kennedy, M.B.","Kennedy, M.B.","Kennedy, M.(.",0.917,1.0,http://www.wikidata.org/entity/Q21536427,Margaret (Marnie) Kennedy,Kennedy,M.(.,"Kennedy, M.(.",,283604454,0000 0003 9008 7885,,,,,,1919.0,1985.0,,,http://www.wikidata.org/wiki/Q21536427,,,,,,http://adb.anu.edu.au/biography/kennedy-margaret-marnie-12731
53,13451,McMullan-Fisher,S.J.M.,Sapphire,774,1996.0,2019.0,"McMullan-Fisher, S.J.M.","McMullan-Fisher, S.J.M.","McMullan-Fisher, S.(.M.).",0.913,1.0,http://www.wikidata.org/entity/Q88839750,Sapphire (J.M.) McMullan-Fisher,McMullan-Fisher,S.(.M.).,"McMullan-Fisher, S.(.M.).",,,,,20039039-1,McMull.-Fish.,,,,,,,http://www.wikidata.org/wiki/Q88839750,,,https://www.ipni.org/a/20039039-1,,,
59,16245,Pringle,C.G.,Cyrus Guernsey,730,1881.0,1999.0,"Pringle, C.G.","Pringle, C.G.","Pringle, C.",0.902,1.0,http://www.wikidata.org/entity/Q3009492,Cyrus Pringle,Pringle,C.,"Pringle, C.",,74992245,0000 0000 3950 5269,2189.0,25097-1,Pringle,,,1838.0,1911.0,,,http://www.wikidata.org/wiki/Q3009492,,https://kiki.huh.harvard.edu/databases/botanist_search.php?mode=details&id=2189,https://www.ipni.org/a/25097-1,,,
138,8945,Henderson,R.J.,,575,1965.0,1991.0,"Henderson, R.J.","Henderson, R.J.","Henderson, R.",0.902,1.0,http://www.wikidata.org/entity/Q5943219,Rodney Henderson,Henderson,R.,"Henderson, R.",,,,,12468-1,R.J.F.Hend.,,,1938.0,,,,http://www.wikidata.org/wiki/Q5943219,,,https://www.ipni.org/a/12468-1,,,
141,14166,Morrison,H.A.,Alan,566,1955.0,1980.0,"Morrison, H.A.","Morrison, H.A.","Morrison, H.",0.895,2.0,http://www.wikidata.org/entity/Q55068722,Harold Morrison,Morrison,H.,"Morrison, H.",,43462486,0000 0000 2898 4153,,,,,,1890.0,1963.0,,,http://www.wikidata.org/wiki/Q55068722,,,,,,
142,14166,Morrison,H.A.,Alan,566,1955.0,1980.0,"Morrison, H.A.","Morrison, H.A.","Morrison, H.",0.895,2.0,http://www.wikidata.org/entity/Q15451676,Hedda Morrison,Morrison,H.,"Morrison, H.",,67877053,0000 0000 8390 9674,,,,,,1908.0,1991.0,,,http://www.wikidata.org/wiki/Q15451676,,,,,,http://adb.anu.edu.au/biography/morrison-hedwig-marie-hedda-20706
34,17164,Rogers,R.,,838,1972.0,1977.0,"Rogers, R.","Rogers, R.","Rogers, R.S.",0.891,1.0,http://www.wikidata.org/entity/Q3281627,Richard Sanders Rogers,Rogers,R.S.,"Rogers, R.S.",,16867036,0000 0000 6396 983X,34806.0,8527-1,R.S.Rogers,,P000757b,1861.0,1942.0,,,http://www.wikidata.org/wiki/Q3281627,,https://kiki.huh.harvard.edu/databases/botanist_search.php?mode=details&id=34806,https://www.ipni.org/a/8527-1,,http://www.eoas.info/biogs/P000757b,http://adb.anu.edu.au/biography/rogers-richard-sanders-8259
163,11153,Kraehenbuehl,D.N.,,528,1958.0,1999.0,"Kraehenbuehl, D.N.","Kraehenbuehl, D.N.","Kraehenbuehl, F.",0.889,1.0,http://www.wikidata.org/entity/Q13220154,Felix Kraehenbuehl,Kraehenbuehl,F.,"Kraehenbuehl, F.",,,,,5012-1,Kraehenb.,,,1917.0,2001.0,,,http://www.wikidata.org/wiki/Q13220154,,,https://www.ipni.org/a/5012-1,,,
58,19525,Sutton,C.S.,,739,1804.0,1938.0,"Sutton, C.S.","Sutton, C.S.","Sutton, C.",0.886,1.0,http://www.wikidata.org/entity/Q2884497,Charles Sutton,Sutton,C.,"Sutton, C.",,,,60748.0,10313-1,Sutton,,,1756.0,1846.0,,,http://www.wikidata.org/wiki/Q2884497,,https://kiki.huh.harvard.edu/databases/botanist_search.php?mode=details&id=60748,https://www.ipni.org/a/10313-1,,,
14,2495,Brooks,S.T.,,926,1873.0,1899.0,"Brooks, S.T.","Brooks, S.T.","Brooks, S.",0.886,2.0,http://www.wikidata.org/entity/Q18685034,Steve Brooks,Brooks,S.,"Brooks, S.",,,,,,,,,,,,,http://www.wikidata.org/wiki/Q18685034,,,,,,
15,2495,Brooks,S.T.,,926,1873.0,1899.0,"Brooks, S.T.","Brooks, S.T.","Brooks, S.",0.886,2.0,http://www.wikidata.org/entity/Q31203522,Sarah Brooks,Brooks,S.,"Brooks, S.",,54150083737614940598,,,,,,P005901b,1850.0,1928.0,,,http://www.wikidata.org/wiki/Q31203522,,,,,http://www.eoas.info/biogs/P005901b,
4,16828,Richards,A.F.,,979,1850.0,1894.0,"Richards, A.F.","Richards, A.F.","Richards, A.M.",0.885,2.0,http://www.wikidata.org/entity/Q21388115,Alison M. Richards,Richards,A.M.,"Richards, A.M.",,,,,,,,,,,,,http://www.wikidata.org/wiki/Q21388115,,,,,,
5,16828,Richards,A.F.,,979,1850.0,1894.0,"Richards, A.F.","Richards, A.F.","Richards, A.M.",0.885,2.0,http://www.wikidata.org/entity/Q21391878,Aola M. Richards,Richards,A.M.,"Richards, A.M.",,,,,,,,P006081b,,,,,http://www.wikidata.org/wiki/Q21391878,,,,,http://www.eoas.info/biogs/P006081b,
173,9316,Hodgkinson,M.H.,,505,1870.0,1894.0,"Hodgkinson, M.H.","Hodgkinson, M.H.","Hodgkinson, C.",0.884,1.0,http://www.wikidata.org/entity/Q5131336,Clement Hodgkinson,Hodgkinson,C.,"Hodgkinson, C.",,44670239,0000 0000 6314 1741,,,,,P002057b,1818.0,1893.0,,,http://www.wikidata.org/wiki/Q5131336,,,,,http://www.eoas.info/biogs/P002057b,http://adb.anu.edu.au/biography/hodgkinson-clement-3774
115,19890,Thom,R.,,622,1880.0,1925.0,"Thom, R.","Thom, R.","Thomé, R.G.",0.862,1.0,http://www.wikidata.org/entity/Q51595979,Ralph G. Thomé,Thomé,R.G.,"Thomé, R.G.",,,,,,,,,,,,,http://www.wikidata.org/wiki/Q51595979,,,,,,
11,15296,Paget,A.,,944,1982.0,2008.0,"Paget, A.","Paget, A.","Paget, J.",0.861,1.0,http://www.wikidata.org/entity/Q429207,James Paget,Paget,J.,"Paget, J.",,27810909,0000 0000 7357 4188,2313.0,12719-1,Paget,,,1814.0,1899.0,,,http://www.wikidata.org/wiki/Q429207,,https://kiki.huh.harvard.edu/databases/botanist_search.php?mode=details&id=2313,https://www.ipni.org/a/12719-1,,,
95,16552,Ratkowsky,A.V.,,680,1966.0,1999.0,"Ratkowsky, A.V.","Ratkowsky, A.V.","Ratkowsky, D.(.).",0.861,1.0,http://www.wikidata.org/entity/Q88847216,David (A.) Ratkowsky,Ratkowsky,D.(.).,"Ratkowsky, D.(.).",,,,,20039130-1,Ratkowsky,,,,,,,http://www.wikidata.org/wiki/Q88847216,,,https://www.ipni.org/a/20039130-1,,,
33,3191,Canning,E.M.,,838,1960.0,1997.0,"Canning, E.M.","Canning, E.M.","Canning, E.C.",0.858,1.0,http://www.wikidata.org/entity/Q88820643,E.C. Canning,Canning,E.C.,"Canning, E.C.",,,,,20036007-1,E.C.Canning,,,,,,,http://www.wikidata.org/wiki/Q88820643,,,https://www.ipni.org/a/20036007-1,,,
129,11495,Latz,P.,,583,1968.0,2016.0,"Latz, P.","Latz, P.","Latz, P.K.",0.848,1.0,http://www.wikidata.org/entity/Q21518413,Peter K. Latz,Latz,P.K.,"Latz, P.K.",,9116331,0000 0000 6384 1764,36654,35446-1,Latz,,,1941.0,,,,http://www.wikidata.org/wiki/Q21518413,,https://kiki.huh.harvard.edu/databases/botanist_search.php?mode=details&id=36654,https://www.ipni.org/a/35446-1,,,
116,31314,Hummel,D.,,622,1927.0,1934.0,"Hummel, D.","Hummel, D.","Hummel, E.",0.84,1.0,http://www.wikidata.org/entity/Q26714675,Eric Hummel,Hummel,E.,"Hummel, E.",,,,,40059-1,E.Hummel,,,,,,,http://www.wikidata.org/wiki/Q26714675,,,https://www.ipni.org/a/40059-1,,,
147,13030,Mayfield,E.V.,Enid,547,1996.0,2020.0,"Mayfield, E.V.","Mayfield, E.V.","Mayfield, D.(.).",0.834,1.0,http://www.wikidata.org/entity/Q88819743,Derrick (A.) Mayfield,Mayfield,D.(.).,"Mayfield, D.(.).",,,,,20036210-1,D.Mayfield,,,,,,,http://www.wikidata.org/wiki/Q88819743,,,https://www.ipni.org/a/20036210-1,,,
111,4580,Croll,R.D.,,636,1961.0,1982.0,"Croll, R.D.","Croll, R.D.","Croll, R.H.",0.831,1.0,http://www.wikidata.org/entity/Q19630752,Robert Henderson Croll,Croll,R.H.,"Croll, R.H.",,29075406,0000 0000 6398 6891,,,,,,1869.0,1947.0,,,http://www.wikidata.org/wiki/Q19630752,,,,,,http://adb.anu.edu.au/biography/croll-robert-henderson-bob-5824
118,630,Atkinson,C.L.W.,,620,1860.0,1860.0,"Atkinson, C.L.W.","Atkinson, C.L.W.","Atkinson, C.",0.827,1.0,http://www.wikidata.org/entity/Q21536203,Charles Atkinson,Atkinson,C.,"Atkinson, C.",,92454211,,,,,,,1806.0,1837.0,,,http://www.wikidata.org/wiki/Q21536203,,,,,,http://adb.anu.edu.au/biography/atkinson-charles-1725
76,5053,Davies,F.E.,,693,1983.0,2000.0,"Davies, F.E.","Davies, F.E.","Davies, F.G.",0.825,1.0,http://www.wikidata.org/entity/Q16298676,Frances G. Davies,Davies,F.G.,"Davies, F.G.",,,,,13268-1,F.G.Davies,,,1944.0,,,,http://www.wikidata.org/wiki/Q16298676,,,https://www.ipni.org/a/13268-1,,,
62,8127,Gullan,P.K.,,720,1970.0,1997.0,"Gullan, P.K.","Gullan, P.K.","Gullan, P.J.",0.822,1.0,http://www.wikidata.org/entity/Q21391296,Penny J. Gullan,Gullan,P.J.,"Gullan, P.J.",,59178599,,,,,,,1952.0,,,,http://www.wikidata.org/wiki/Q21391296,,,,,,
71,9995,Irvine,J.F. [=Mrs Irvine],,700,1869.0,1968.0,"Irvine, J.F. [=Mrs Irvine]","Irvine, J.F. [=Mrs Irvine]","Irvine, J.",0.822,1.0,http://www.wikidata.org/entity/Q3806508,James Irvine,Irvine,J.,"Irvine, J.",,22135694,0000 0000 8100 5305,,,,,,1877.0,1952.0,,,http://www.wikidata.org/wiki/Q3806508,,,,,,
70,10883,Kilgour,R.A.,,703,1981.0,1992.0,"Kilgour, R.A.","Kilgour, R.A.","Kilgour, A.J.",0.816,1.0,http://www.wikidata.org/entity/Q24205051,Alexander James Kilgour,Kilgour,A.J.,"Kilgour, A.J.",,,,,,,,,1861.0,1944.0,,,http://www.wikidata.org/wiki/Q24205051,,,,,,http://adb.anu.edu.au/biography/kilgour-alexander-james-6954
66,3221,Carey,H.S.,,715,1817.0,1904.0,"Carey, H.S.","Carey, H.S.","Carey, H.C.",0.811,1.0,http://www.wikidata.org/entity/Q957065,Henry Charles Carey,Carey,H.C.,"Carey, H.C.",,37030177,0000 0000 8115 8547,,,,,P000292b,1793.0,1879.0,,,http://www.wikidata.org/wiki/Q957065,,,,,http://www.eoas.info/biogs/P000292b,
72,22179,Woolcock,D.T.,,698,1968.0,1989.0,"Woolcock, D.T.","Woolcock, D.T.","Woolcock, A.",0.808,1.0,http://www.wikidata.org/entity/Q17711341,Ann Woolcock,Woolcock,A.,"Woolcock, A.",,48202671,0000 0000 6482 478X,,,,,P002777b,1937.0,2001.0,,,http://www.wikidata.org/wiki/Q17711341,,,,,http://www.eoas.info/biogs/P002777b,
3,13176,McDonald,K.R. (1),,988,1990.0,2016.0,"McDonald, K.R. (1)","McDonald, K.R. (1)","McDonald, K.",0.806,1.0,http://www.wikidata.org/entity/Q22110845,Keith McDonald,McDonald,K.,"McDonald, K.",,,,,,,,,,,,,http://www.wikidata.org/wiki/Q22110845,,,,,,
94,70,Adair,R.J.,,683,1970.0,2008.0,"Adair, R.J.","Adair, R.J.","Adair, J.",0.796,1.0,http://www.wikidata.org/entity/Q6218132,John Adair,Adair,J.,"Adair, J.",,,,,,,,P001579b,1852.0,1913.0,,,http://www.wikidata.org/wiki/Q6218132,,,,,http://www.eoas.info/biogs/P001579b,
109,8140,Gulliver,T.A.,,649,1867.0,1973.0,"Gulliver, T.A.","Gulliver, T.A.","Gulliver, G.",0.796,1.0,http://www.wikidata.org/entity/Q5539966,George Gulliver,Gulliver,G.,"Gulliver, G.",,267411228,0000 0003 8296 0306,,,,,,1804.0,1882.0,,,http://www.wikidata.org/wiki/Q5539966,,,,,,
123,8135,Gulliver,B.J.,Benjamin John,606,1864.0,1967.0,"Gulliver, B.J.","Gulliver, B.J.","Gulliver, G.",0.791,1.0,http://www.wikidata.org/entity/Q5539966,George Gulliver,Gulliver,G.,"Gulliver, G.",,267411228,0000 0003 8296 0306,,,,,,1804.0,1882.0,,,http://www.wikidata.org/wiki/Q5539966,,,,,,
75,8996,Henshall,T.S.,Tom,694,1950.0,1990.0,"Henshall, T.S.","Henshall, T.S.","Henshall, J.",0.787,1.0,http://www.wikidata.org/entity/Q21516124,John Henshall,Henshall,J.,"Henshall, J.",,,,,39368-1,Henshall,,,,,,,http://www.wikidata.org/wiki/Q21516124,,,https://www.ipni.org/a/39368-1,,,
77,27019,Lloyd,S.J.,Sarah,690,2003.0,2019.0,"Lloyd, S.J.","Lloyd, S.J.","Lloyd, J.",0.785,4.0,http://www.wikidata.org/entity/Q5925802,James Lloyd,Lloyd,J.,"Lloyd, J.",,17371999,0000 0000 0692 6649,2602.0,5680-1,J.Lloyd,,,1810.0,1896.0,,,http://www.wikidata.org/wiki/Q5925802,,https://kiki.huh.harvard.edu/databases/botanist_search.php?mode=details&id=2602,https://www.ipni.org/a/5680-1,,,
78,27019,Lloyd,S.J.,Sarah,690,2003.0,2019.0,"Lloyd, S.J.","Lloyd, S.J.","Lloyd, J.",0.785,4.0,http://www.wikidata.org/entity/Q21519397,John Lloyd,Lloyd,J.,"Lloyd, J.",,,,79118,5681-1,Jn.Lloyd,,,1791.0,1870.0,,,http://www.wikidata.org/wiki/Q21519397,,https://kiki.huh.harvard.edu/databases/botanist_search.php?mode=details&id=79118,https://www.ipni.org/a/5681-1,,,
79,27019,Lloyd,S.J.,Sarah,690,2003.0,2019.0,"Lloyd, S.J.","Lloyd, S.J.","Lloyd, J.",0.785,4.0,http://www.wikidata.org/entity/Q21389890,Janine Lloyd,Lloyd,J.,"Lloyd, J.",,,,,,,,,,,,,http://www.wikidata.org/wiki/Q21389890,,,,,,
80,27019,Lloyd,S.J.,Sarah,690,2003.0,2019.0,"Lloyd, S.J.","Lloyd, S.J.","Lloyd, J.",0.785,4.0,http://www.wikidata.org/entity/Q21535130,Jessie Lloyd,Lloyd,J.,"Lloyd, J.",,9690703,,,,,,,1843.0,1885.0,,,http://www.wikidata.org/wiki/Q21535130,,,,,,http://adb.anu.edu.au/biography/lloyd-jessie-georgina-4031
63,13020,May,T.W.,Tom,719,1981.0,2018.0,"May, T.W.","May, T.W.","May, T.",0.784,1.0,http://www.wikidata.org/entity/Q7816746,Tom May,May,T.,"May, T.",,20153361270537390717,,,20003451-1,T.W.May,,,,,,,http://www.wikidata.org/wiki/Q7816746,,,https://www.ipni.org/a/20003451-1,,,
35,16303,Pullen,R.,,830,1955.0,1998.0,"Pullen, R.","Pullen, R.","Pullen, A.B.",0.779,1.0,http://www.wikidata.org/entity/Q13222080,A. B. Pullen,Pullen,A.B.,"Pullen, A.B.",,,,,25146-1,A.B.Pullen,,,,,,,http://www.wikidata.org/wiki/Q13222080,,,https://www.ipni.org/a/25146-1,,,
152,22662,Kotschy,C.G.T.,,538,1836.0,1885.0,"Kotschy, C.G.T.","Kotschy, C.G.T.","Kotschy, T.",0.754,1.0,http://www.wikidata.org/entity/Q113299,Theodor Kotschy,Kotschy,T.,"Kotschy, T.",,5113711,0000 0000 8084 6890,23120.0,4989-1,Kotschy,Q113299,,1813.0,1866.0,,,http://www.wikidata.org/wiki/Q113299,,https://kiki.huh.harvard.edu/databases/botanist_search.php?mode=details&id=23120,https://www.ipni.org/a/4989-1,https://bloodhound-tracker.net/Q113299,,
51,7458,Giles,W.E.P.,William Ernest,780,1858.0,1960.0,"Giles, W.E.P.","Giles, W.E.P.","Giles, W.",0.751,1.0,http://www.wikidata.org/entity/Q2578963,William Giles,Giles,W.,"Giles, W.",,,,,,,,,1791.0,1862.0,,,http://www.wikidata.org/wiki/Q2578963,,,,,,http://adb.anu.edu.au/biography/giles-william-2095
64,736,Badman,F.J.,,717,1978.0,2007.0,"Badman, F.J.","Badman, F.J.","Gladman, F.J.",0.75,1.0,http://www.wikidata.org/entity/Q5498152,Frederick John Gladman,Gladman,F.J.,"Gladman, F.J.",,,,,,,,,1839.0,1884.0,,,http://www.wikidata.org/wiki/Q5498152,,,,,,http://adb.anu.edu.au/biography/gladman-frederick-john-3619
96,13089,McCann,I.R.,,680,1959.0,2002.0,"McCann, I.R.","McCann, I.R.","McCann, C.",0.716,1.0,http://www.wikidata.org/entity/Q5080778,Charles McCann,McCann,C.,"McCann, C.",,113006057,0000 0001 1005 7439,70058.0,5894-1,McCann,Q5080778,,1899.0,1980.0,,,http://www.wikidata.org/wiki/Q5080778,,https://kiki.huh.harvard.edu/databases/botanist_search.php?mode=details&id=70058,https://www.ipni.org/a/5894-1,https://bloodhound-tracker.net/Q5080778,,
31,3558,Cheal,D.C.,,841,1973.0,2012.0,"Cheal, D.C.","Cheal, D.C.","Neal, D.C.",0.689,1.0,http://www.wikidata.org/entity/Q21522017,David Carleton Neal,Neal,D.C.,"Neal, D.C.",,,,,23967-1,Neal,,,1890.0,,,,http://www.wikidata.org/wiki/Q21522017,,,https://www.ipni.org/a/23967-1,,,
114,7261,Gates,A.C.F.,,625,1890.0,1939.0,"Gates, A.C.F.","Gates, A.C.F.","Gates, W.",0.68,1.0,http://www.wikidata.org/entity/Q21539324,William Gates,Gates,W.,"Gates, W.",,,,,,,,,1816.0,1865.0,,,http://www.wikidata.org/wiki/Q21539324,,,,,,http://adb.anu.edu.au/biography/gates-william-2084
68,5475,Donner,N.N.,,710,1961.0,1989.0,"Donner, N.N.","Donner, N.N.","Donner, H.",0.679,1.0,http://www.wikidata.org/entity/Q22102525,Hans Donner,Donner,H.,"Donner, H.",,271785690,,,,,,,,,,,http://www.wikidata.org/wiki/Q22102525,,,,,,
49,10443,Jolley,H.M.,Helen,787,1996.0,2011.0,"Jolley, H.M.","Jolley, H.M.","Holley, H.",0.641,1.0,http://www.wikidata.org/entity/Q5901877,Horace Holley,Holley,H.,"Holley, H.",,33569318,0000 0000 3095 5394,,,,,,1781.0,1827.0,,,http://www.wikidata.org/wiki/Q5901877,,,,,,
6,11524,Lau,H.,Hermann,962,1865.0,1866.0,"Lau, H.","Lau, H.","Lau, S.",0.64,1.0,http://www.wikidata.org/entity/Q47120821,S. Lau,Lau,S.,"Lau, S.",,,,,5316-1,S.Lau,,,,,,,http://www.wikidata.org/wiki/Q47120821,,,https://www.ipni.org/a/5316-1,,,
50,5855,Eaves,S.H.,Samual Hinder,786,1871.0,1877.0,"Eaves, S.H.","Eaves, S.H.","Chaves, S.",0.638,1.0,http://www.wikidata.org/entity/Q88848920,Sandra Chaves,Chaves,S.,"Chaves, S.",,,,,20039208-1,S.Chaves,,,,,,,http://www.wikidata.org/wiki/Q88848920,,,https://www.ipni.org/a/20039208-1,,,
23,5864,Eckert,J.P.,,862,1861.0,1906.0,"Eckert, J.P.","Eckert, J.P.","Ecker, A.",0.626,1.0,http://www.wikidata.org/entity/Q84663,Alexander Ecker,Ecker,A.,"Ecker, A.",,3264862,0000 0001 0863 9835,,,,,,1816.0,1887.0,,,http://www.wikidata.org/wiki/Q84663,,,,,,
13,15923,Piesse,A.D.J.,,936,1980.0,1993.0,"Piesse, A.D.J.","Piesse, A.D.J.","Piesse, E.L.",0.625,1.0,http://www.wikidata.org/entity/Q24205084,Edmund Leolin Piesse,Piesse,E.L.,"Piesse, E.L.",,117612927,0000 0000 8480 2537,,,,,,1880.0,1947.0,,,http://www.wikidata.org/wiki/Q24205084,,,,,,http://adb.anu.edu.au/biography/piesse-edmund-leolin-8046
146,18206,Sewell,Miss,,548,1882.0,1895.0,"Sewell, Miss","Sewell, Miss","Sewell, A.M.",0.615,1.0,http://www.wikidata.org/entity/Q21535479,Alice Maud Sewell,Sewell,A.M.,"Sewell, A.M.",,,,,,,,,1881.0,1971.0,,,http://www.wikidata.org/wiki/Q21535479,,,,,,http://adb.anu.edu.au/biography/sewell-alice-maud-8556
25,4866,D'Alton,St. E.,Eloy,848,1871.0,1960.0,"D'Alton, St. E.","D'Alton, St. E.","Dalton, J.",0.606,4.0,http://www.wikidata.org/entity/Q21509743,James Dalton,Dalton,J.,"Dalton, J.",,,,46952,12396-1,Js.Dalton,,,1764.0,1843.0,,,http://www.wikidata.org/wiki/Q21509743,,https://kiki.huh.harvard.edu/databases/botanist_search.php?mode=details&id=46952,https://www.ipni.org/a/12396-1,,,
26,4866,D'Alton,St. E.,Eloy,848,1871.0,1960.0,"D'Alton, St. E.","D'Alton, St. E.","Dalton, J.",0.606,4.0,http://www.wikidata.org/entity/Q41284,John Dalton,Dalton,J.,"Dalton, J.",,56739674,0000 0000 8384 8146,63526,1967-1,Jn.Dalton,,,1766.0,1844.0,,,http://www.wikidata.org/wiki/Q41284,,https://kiki.huh.harvard.edu/databases/botanist_search.php?mode=details&id=63526,https://www.ipni.org/a/1967-1,,,
27,4866,D'Alton,St. E.,Eloy,848,1871.0,1960.0,"D'Alton, St. E.","D'Alton, St. E.","Dalton, J.",0.606,4.0,http://www.wikidata.org/entity/Q6132294,James Dalton,Dalton,J.,"Dalton, J.",,,,,,,,,1861.0,1947.0,,,http://www.wikidata.org/wiki/Q6132294,,,,,,http://adb.anu.edu.au/biography/dalton-james-284
28,4866,D'Alton,St. E.,Eloy,848,1871.0,1960.0,"D'Alton, St. E.","D'Alton, St. E.","Dalton, J.",0.606,4.0,http://www.wikidata.org/entity/Q6282450,Joseph Dalton,Dalton,J.,"Dalton, J.",,,,,,,,,1817.0,1905.0,,,http://www.wikidata.org/wiki/Q6282450,,,,,,http://adb.anu.edu.au/biography/dalton-joseph-3358
171,1068,Barritt,M.J.A.,,509,1987.0,2000.0,"Barritt, M.J.A.","Barritt, M.J.A.","Merritt, M.L.",0.603,1.0,http://www.wikidata.org/entity/Q88839940,Melvin Leroy Merritt,Merritt,M.L.,"Merritt, M.L.",,,,,20043433-1,Merritt,,,1879.0,1961.0,,,http://www.wikidata.org/wiki/Q88839940,,,https://www.ipni.org/a/20043433-1,,,
0,19820,Tenison-Woods,J.E.,Julian Edmund,995,1873.0,1892.0,"Tenison-Woods, J.E.","Tenison-Woods, J.E.","Woods, J.",0.588,3.0,http://www.wikidata.org/entity/Q920730,Joseph Woods,Woods,J.,"Woods, J.",,3253133,0000 0000 2014 5021,12836.0,11856-1,J.Woods,,,1776.0,1864.0,,,http://www.wikidata.org/wiki/Q920730,,https://kiki.huh.harvard.edu/databases/botanist_search.php?mode=details&id=12836,https://www.ipni.org/a/11856-1,,,
1,19820,Tenison-Woods,J.E.,Julian Edmund,995,1873.0,1892.0,"Tenison-Woods, J.E.","Tenison-Woods, J.E.","Woods, J.",0.588,3.0,http://www.wikidata.org/entity/Q16062341,John Woods,Woods,J.,"Woods, J.",,,,,,,,P005482b,1822.0,1892.0,,,http://www.wikidata.org/wiki/Q16062341,,,,,http://www.eoas.info/biogs/P005482b,http://adb.anu.edu.au/biography/woods-john-4884
2,19820,Tenison-Woods,J.E.,Julian Edmund,995,1873.0,1892.0,"Tenison-Woods, J.E.","Tenison-Woods, J.E.","Woods, J.",0.588,3.0,http://www.wikidata.org/entity/Q21539698,James Woods,Woods,J.,"Woods, J.",,,,,,,,,1893.0,1975.0,,,http://www.wikidata.org/wiki/Q21539698,,,,,,http://adb.anu.edu.au/biography/woods-james-9177
113,1588,Berthaud,G.F.,,631,1874.0,1931.0,"Berthaud, G.F.","Berthaud, G.F.","Meyer-Berthaud, B.",0.585,1.0,http://www.wikidata.org/entity/Q36517525,Brigitte Meyer-Berthaud,Meyer-Berthaud,B.,"Meyer-Berthaud, B.",,,,,20017686-1,Mey.-Berth.,,,,,,,http://www.wikidata.org/wiki/Q36517525,,,https://www.ipni.org/a/20017686-1,,,
22,10736,Kempe,F.A.H.,,875,1879.0,1924.0,"Kempe, F.A.H.","Kempe, F.A.H.","Kemper, H.",0.574,1.0,http://www.wikidata.org/entity/Q58315161,Heinrich Kemper,Kemper,H.,"Kemper, H.",,42632900,,,,,,,1902.0,1969.0,,,http://www.wikidata.org/wiki/Q58315161,,,,,,
112,1187,Batt,J.D.,,633,1880.0,1898.0,"Batt, J.D.","Batt, J.D.","Watt, J.",0.57,1.0,http://www.wikidata.org/entity/Q16059827,John Watt,Watt,J.,"Watt, J.",,92697810,,,,,,,1826.0,1897.0,,,http://www.wikidata.org/wiki/Q16059827,,,,,,http://adb.anu.edu.au/biography/watt-john-brown-1008
126,4899,Daemel,E.,Eduard,594,1862.0,1875.0,"Daemel, E.","Daemel, E.","Daemon, E.",0.561,1.0,http://www.wikidata.org/entity/Q45242799,Erik Daemon,Daemon,E.,"Daemon, E.",,,,,,,,,,,,,http://www.wikidata.org/wiki/Q45242799,,,,,,
47,4165,Constable,E.F.,,800,1946.0,1970.0,"Constable, E.F.","Constable, E.F.","Stable, J.J.",0.545,1.0,http://www.wikidata.org/entity/Q18715959,Jeremiah Joseph Stable,Stable,J.J.,"Stable, J.J.",,56991991,,,,,,,1883.0,1953.0,,,http://www.wikidata.org/wiki/Q18715959,,,,,,http://adb.anu.edu.au/biography/stable-jeremiah-joseph-8614
74,1705,Birch,C.W. de Burgh,,697,1853.0,1991.0,"Birch, C.W. de Burgh","Birch, C.W. de Burgh","Birch, C.",0.543,1.0,http://www.wikidata.org/entity/Q454195,Charles Birch,Birch,C.,"Birch, C.",,108762234,0000 0001 2147 1133,,,,,P000230b,1918.0,2009.0,,,http://www.wikidata.org/wiki/Q454195,,,,,http://www.eoas.info/biogs/P000230b,
168,6143,Errey,E.G.,,518,1976.0,1989.0,"Errey, E.G.","Errey, E.G.","Frey, E.",0.506,2.0,http://www.wikidata.org/entity/Q5818904,Eduard Frey,Frey,E.,"Frey, E.",,102549803,0000 0000 7305 8028,11318,18977-1,Frey,,,1888.0,1974.0,,,http://www.wikidata.org/wiki/Q5818904,,https://kiki.huh.harvard.edu/databases/botanist_search.php?mode=details&id=11318,https://www.ipni.org/a/18977-1,,,
169,6143,Errey,E.G.,,518,1976.0,1989.0,"Errey, E.G.","Errey, E.G.","Frey, E.",0.506,2.0,http://www.wikidata.org/entity/Q21518032,Eberhard Frey,Frey,E.,"Frey, E.",,185261577,0000 0003 6810 3228,,,,,,1953.0,,,,http://www.wikidata.org/wiki/Q21518032,,,,,,
93,19410,Strudwick,J.,,686,1986.0,1998.0,"Strudwick, J.",,,,,,,,,,,,,,,,,,,,,,,,,,,,
128,19411,Strudwick,J.E.,,584,1986.0,2008.0,"Strudwick, J.E.",,,,,,,,,,,,,,,,,,,,,,,,,,,,
164,6440,Field Naturalists Club of Victoria,,,524,1890.0,1998.0,"Field Naturalists Club of Victoria, nan",,,,,,,,,,,,,,,,,,,,,,,,,,,,
