,agent_id,family_name,initials_x,given_names,num_coll,start_year,end_year,full_name,left_side,right_side,similarity,dup_count,item,itemLabel,surname,initials_y,canonical_string,orcid,viaf,isni,harv,ipni,abbr,bloodhound_id,enc_au_sc_id,yob,yod,wyb,wye,wikidata_link,orcid_link,harv_link,ipni_link,bloodhound_link,enc_au_sc_link,au_dict_bio_link
0,1297,Beauglehole,A.C.,,69198,1929.0,2001.0,"Beauglehole, A.C.","Beauglehole, A.C.","Beauglehole, A.C.",1.0,1.0,http://www.wikidata.org/entity/Q16744919,Alexander Clifford Beauglehole,Beauglehole,A.C.,"Beauglehole, A.C.",,,,,,,Q16744919,P000214b,1920.0,2002.0,,,http://www.wikidata.org/wiki/Q16744919,,,,https://bloodhound-tracker.net/Q16744919,http://www.eoas.info/biogs/P000214b,
2,19313,Stone,I.G.,,25428,1960.0,1999.0,"Stone, I.G.","Stone, I.G.","Stone, I.G.",1.0,1.0,http://www.wikidata.org/entity/Q6000720,Ilma Grace Stone,Stone,I.G.,"Stone, I.G.",,163909337,0000 0001 1247 4965,40174,27255-1,I.G.Stone,,,1913.0,2001.0,,,http://www.wikidata.org/wiki/Q6000720,,https://kiki.huh.harvard.edu/databases/botanist_search.php?mode=details&id=40174,https://www.ipni.org/a/27255-1,,,
5,6458,Filson,R.B.,Rex,15193,1933.0,2000.0,"Filson, R.B.","Filson, R.B.","Filson, R.B.",1.0,1.0,http://www.wikidata.org/entity/Q21339388,Rex Bertram Filson,Filson,R.B.,"Filson, R.B.",,,,76762,18803-1,Filson,,P002347b,1930.0,,,,http://www.wikidata.org/wiki/Q21339388,,https://kiki.huh.harvard.edu/databases/botanist_search.php?mode=details&id=76762,https://www.ipni.org/a/18803-1,,http://www.eoas.info/biogs/P002347b,
6,6771,Forster,P.I.,Paul Irwin,12226,1955.0,2118.0,"Forster, P.I.","Forster, P.I.","Forster, P.I.",1.0,1.0,http://www.wikidata.org/entity/Q9057027,Paul Irwin Forster,Forster,P.I.,"Forster, P.I.",,,,,18907-1,P.I.Forst.,,,1961.0,,,,http://www.wikidata.org/wiki/Q9057027,,,https://www.ipni.org/a/18907-1,,,
10,20954,Walsh,N.G.,Neville,9122,1971.0,2020.0,"Walsh, N.G.","Walsh, N.G.","Walsh, N.G.",1.0,1.0,http://www.wikidata.org/entity/Q6041421,Neville Grant Walsh,Walsh,N.G.,"Walsh, N.G.",,18877199,0000 0000 6385 4733,,14171-1,N.G.Walsh,,P005329b,1956.0,,,,http://www.wikidata.org/wiki/Q6041421,,,https://www.ipni.org/a/14171-1,,http://www.eoas.info/biogs/P005329b,
11,4942,Dallachy,J.,John,8181,1850.0,1883.0,"Dallachy, J.","Dallachy, J.","Dallachy, J.",1.0,1.0,http://www.wikidata.org/entity/Q16065577,John Dallachy,Dallachy,J.,"Dallachy, J.",,,,,,,,P000040b,1803.0,1871.0,,,http://www.wikidata.org/wiki/Q16065577,,,,,http://www.eoas.info/biogs/P000040b,http://adb.anu.edu.au/biography/dallachy-john-3355
19,168,Albrecht,D.E.,David,6330,1958.0,2017.0,"Albrecht, D.E.","Albrecht, D.E.","Albrecht, D.E.",1.0,1.0,http://www.wikidata.org/entity/Q8354093,David Edward Albrecht,Albrecht,D.E.,"Albrecht, D.E.",,4256153184549027100009,,60179,14172-1,Albr.,,P005243b,1962.0,,,,http://www.wikidata.org/wiki/Q8354093,,https://kiki.huh.harvard.edu/databases/botanist_search.php?mode=details&id=60179,https://www.ipni.org/a/14172-1,,http://www.eoas.info/biogs/P005243b,
22,4312,Corrick,M.G.,Margaret Georgina,5938,1956.0,2007.0,"Corrick, M.G.","Corrick, M.G.","Corrick, M.G.",1.0,1.0,http://www.wikidata.org/entity/Q21509106,Margaret Georgina Corrick,Corrick,M.G.,"Corrick, M.G.",,,,,12119-1,Corrick,,,1922.0,,,,http://www.wikidata.org/wiki/Q21509106,,,https://www.ipni.org/a/12119-1,,,
28,10324,Jobson,P.C.,Peter,4329,1970.0,2015.0,"Jobson, P.C.","Jobson, P.C.","Jobson, P.C.",1.0,1.0,http://www.wikidata.org/entity/Q21391683,Peter C. Jobson,Jobson,P.C.,"Jobson, P.C.",,,,20908,38452-1,Jobson,,,1965.0,,,,http://www.wikidata.org/wiki/Q21391683,,https://kiki.huh.harvard.edu/databases/botanist_search.php?mode=details&id=20908,https://www.ipni.org/a/38452-1,,,
34,6124,Entwisle,T.J.,Tim,3888,1980.0,2015.0,"Entwisle, T.J.","Entwisle, T.J.","Entwisle, T.J.",1.0,1.0,http://www.wikidata.org/entity/Q21512240,Timothy John Entwisle,Entwisle,T.J.,"Entwisle, T.J.",,93619302,0000 0000 7739 0319,66259.0,14571-1,Entwisle,,,1960.0,,,,http://www.wikidata.org/wiki/Q21512240,,https://kiki.huh.harvard.edu/databases/botanist_search.php?mode=details&id=66259,https://www.ipni.org/a/14571-1,,,
35,20837,Wakefield,N.A.,,3702,1926.0,1989.0,"Wakefield, N.A.","Wakefield, N.A.","Wakefield, N.A.",1.0,1.0,http://www.wikidata.org/entity/Q7051918,Norman Arthur Wakefield,Wakefield,N.A.,"Wakefield, N.A.",,21877425,0000 0001 1044 2062,49120,11324-1,N.A.Wakef.,,,1918.0,1972.0,,,http://www.wikidata.org/wiki/Q7051918,,https://kiki.huh.harvard.edu/databases/botanist_search.php?mode=details&id=49120,https://www.ipni.org/a/11324-1,,,http://adb.anu.edu.au/biography/wakefield-norman-arthur-11933
36,22193,Woolls,W.,William,3654,1823.0,1921.0,"Woolls, W.","Woolls, W.","Woolls, W.",1.0,1.0,http://www.wikidata.org/entity/Q1375232,William Woolls,Woolls,W.,"Woolls, W.",,58065464,0000 0000 6314 9209,49846.0,11862-1,Woolls,,P000191b,1814.0,1893.0,,,http://www.wikidata.org/wiki/Q1375232,,https://kiki.huh.harvard.edu/databases/botanist_search.php?mode=details&id=49846,https://www.ipni.org/a/11862-1,,http://www.eoas.info/biogs/P000191b,http://adb.anu.edu.au/biography/woolls-william-4886
37,26843,Gates,G.M.,Genevieve,3524,1996.0,2019.0,"Gates, G.M.","Gates, G.M.","Gates, G.M.",1.0,1.0,http://www.wikidata.org/entity/Q36562288,Genevieve M. Gates,Gates,G.M.,"Gates, G.M.",,,,,20019488-1,G.M.Gates,,,,,,,http://www.wikidata.org/wiki/Q36562288,,,https://www.ipni.org/a/20019488-1,,,
41,21860,Williamson,H.B.,Herbert Bennett,3458,1828.0,1930.0,"Williamson, H.B.","Williamson, H.B.","Williamson, H.B.",1.0,1.0,http://www.wikidata.org/entity/Q20016691,Herbert Bennett Williamson,Williamson,H.B.,"Williamson, H.B.",,,,38662,11712-1,H.B.Will.,,P002763b,1860.0,1931.0,,,http://www.wikidata.org/wiki/Q20016691,,https://kiki.huh.harvard.edu/databases/botanist_search.php?mode=details&id=38662,https://www.ipni.org/a/11712-1,,http://www.eoas.info/biogs/P002763b,
45,6676,Forbes,S.J.,,3399,1976.0,1991.0,"Forbes, S.J.","Forbes, S.J.","Forbes, S.J.",1.0,1.0,http://www.wikidata.org/entity/Q21513320,Stephen J. Forbes,Forbes,S.J.,"Forbes, S.J.",,,,,37432-1,S.J.Forbes,,,1953.0,,,,http://www.wikidata.org/wiki/Q21513320,,,https://www.ipni.org/a/37432-1,,,
46,3631,Chippendale,G.M.,,3383,1951.0,1976.0,"Chippendale, G.M.","Chippendale, G.M.","Chippendale, G.M.",1.0,1.0,http://www.wikidata.org/entity/Q5537873,George McCartney Chippendale,Chippendale,G.M.,"Chippendale, G.M.",,8631458,0000 0000 8423 5309,18250.0,1601-1,Chippend.,Q5537873,P005133b,1921.0,2010.0,,,http://www.wikidata.org/wiki/Q5537873,,https://kiki.huh.harvard.edu/databases/botanist_search.php?mode=details&id=18250,https://www.ipni.org/a/1601-1,https://bloodhound-tracker.net/Q5537873,http://www.eoas.info/biogs/P005133b,
48,9632,Hosking,J.R.,John,3319,1977.0,2017.0,"Hosking, J.R.","Hosking, J.R.","Hosking, J.R.",1.0,1.0,http://www.wikidata.org/entity/Q21516084,John Robert Hosking,Hosking,J.R.,"Hosking, J.R.",,,,,39283-1,Hosking,,,1952.0,,,,http://www.wikidata.org/wiki/Q21516084,,,https://www.ipni.org/a/39283-1,,,
54,1334,Beckler,H.,Herman,2995,1857.0,1933.0,"Beckler, H.","Beckler, H.","Beckler, H.",1.0,1.0,http://www.wikidata.org/entity/Q21033810,Hermann Beckler,Beckler,H.,"Beckler, H.",,1196895,0000 0000 8349 996X,,,,,P005171b,1828.0,1914.0,,,http://www.wikidata.org/wiki/Q21033810,,,,,http://www.eoas.info/biogs/P005171b,
55,10213,Jeanes,J.A.,Jeff,2914,1983.0,2018.0,"Jeanes, J.A.","Jeanes, J.A.","Jeanes, J.A.",1.0,1.0,http://www.wikidata.org/entity/Q21395685,Jeffrey A. Jeanes,Jeanes,J.A.,"Jeanes, J.A.",,,,41963,39451-1,Jeanes,,,,,,,http://www.wikidata.org/wiki/Q21395685,,https://kiki.huh.harvard.edu/databases/botanist_search.php?mode=details&id=41963,https://www.ipni.org/a/39451-1,,,
56,19830,Tepper,J.G.O.,,2876,1829.0,1988.0,"Tepper, J.G.O.","Tepper, J.G.O.","Tepper, J.G.O.",1.0,1.0,http://www.wikidata.org/entity/Q2891010,Johann Gottlieb Otto Tepper,Tepper,J.G.O.,"Tepper, J.G.O.",,92102539,0000 0000 6611 3308,7487.0,10515-1,Tepper,,P005954b,1841.0,1923.0,,,http://www.wikidata.org/wiki/Q2891010,,https://kiki.huh.harvard.edu/databases/botanist_search.php?mode=details&id=7487,https://www.ipni.org/a/10515-1,,http://www.eoas.info/biogs/P005954b,http://adb.anu.edu.au/biography/tepper-johann-gottlieb-otto-13215
57,5344,Dietrich,A.,Amalia,2754,1860.0,1880.0,"Dietrich, A.","Dietrich, A.","Dietrich, A.",1.0,1.0,http://www.wikidata.org/entity/Q76851,Amalie Dietrich,Dietrich,A.,"Dietrich, A.",,77113813,0000 0000 3219 7769,8587.0,,,Q76851,P000366b,1821.0,1891.0,,,http://www.wikidata.org/wiki/Q76851,,https://kiki.huh.harvard.edu/databases/botanist_search.php?mode=details&id=8587,,https://bloodhound-tracker.net/Q76851,http://www.eoas.info/biogs/P000366b,http://adb.anu.edu.au/biography/dietrich-amalie-3412
59,1148,Bastow,R.A.,,2694,1854.0,1950.0,"Bastow, R.A.","Bastow, R.A.","Bastow, R.A.",1.0,1.0,http://www.wikidata.org/entity/Q7323833,Richard Austin Bastow,Bastow,R.A.,"Bastow, R.A.",,1450150748994516420005,,23972.0,15765-1,Bastow,,P000207b,1839.0,1920.0,,,http://www.wikidata.org/wiki/Q7323833,,https://kiki.huh.harvard.edu/databases/botanist_search.php?mode=details&id=23972,https://www.ipni.org/a/15765-1,,http://www.eoas.info/biogs/P000207b,
60,11496,Latz,P.K.,,2605,1967.0,2013.0,"Latz, P.K.","Latz, P.K.","Latz, P.K.",1.0,1.0,http://www.wikidata.org/entity/Q21518413,Peter K. Latz,Latz,P.K.,"Latz, P.K.",,9116331,0000 0000 6384 1764,36654,35446-1,Latz,,,1941.0,,,,http://www.wikidata.org/wiki/Q21518413,,https://kiki.huh.harvard.edu/databases/botanist_search.php?mode=details&id=36654,https://www.ipni.org/a/35446-1,,,
61,20964,Walter,C.,Charles,2589,1867.0,1999.0,"Walter, C.","Walter, C.","Walter, C.",1.0,1.0,http://www.wikidata.org/entity/Q17053407,Carl Walter,Walter,C.,"Walter, C.",,91829033,0000 0001 2030 6160,37942,13332-1,C.Walter,,P001520b,1831.0,1907.0,,,http://www.wikidata.org/wiki/Q17053407,,https://kiki.huh.harvard.edu/databases/botanist_search.php?mode=details&id=37942,https://www.ipni.org/a/13332-1,,http://www.eoas.info/biogs/P001520b,
81,14765,Nicholls,W.H.,,2267,1921.0,1962.0,"Nicholls, W.H.","Nicholls, W.H.","Nicholls, W.H.",1.0,1.0,http://www.wikidata.org/entity/Q10393700,William Henry Nicholls,Nicholls,W.H.,"Nicholls, W.H.",,92594457,,23849,6958-1,Nicholls,,P000672b,1885.0,1951.0,,,http://www.wikidata.org/wiki/Q10393700,,https://kiki.huh.harvard.edu/databases/botanist_search.php?mode=details&id=23849,https://www.ipni.org/a/6958-1,,http://www.eoas.info/biogs/P000672b,http://adb.anu.edu.au/biography/nicholls-william-henry-will-7841
82,3266,Carr,G.W.,Geoff,2262,1924.0,2015.0,"Carr, G.W.","Carr, G.W.","Carr, G.W.",1.0,1.0,http://www.wikidata.org/entity/Q3281577,Geoffrey William Carr,Carr,G.W.,"Carr, G.W.",,,,,13236-1,G.W.Carr,,,1948.0,,,,http://www.wikidata.org/wiki/Q3281577,,,https://www.ipni.org/a/13236-1,,,
88,1844,Blake,S.T.,,2108,1917.0,1980.0,"Blake, S.T.","Blake, S.T.","Blake, S.T.",1.0,1.0,http://www.wikidata.org/entity/Q2984580,Stanley Thatcher Blake,Blake,S.T.,"Blake, S.T.",,304022808,0000 0000 6521 9151,13863.0,838-1,S.T.Blake,,P001391b,1910.0,1973.0,,,http://www.wikidata.org/wiki/Q2984580,,https://kiki.huh.harvard.edu/databases/botanist_search.php?mode=details&id=13863,https://www.ipni.org/a/838-1,,http://www.eoas.info/biogs/P001391b,
91,11583,Lazarides,M.,Mike,2012,1938.0,1988.0,"Lazarides, M.","Lazarides, M.","Lazarides, M.",1.0,1.0,http://www.wikidata.org/entity/Q6012831,Michael Lazarides,Lazarides,M.,"Lazarides, M.",,,,38062,5361-1,Lazarides,Q6012831,P005675b,1928.0,2011.0,,,http://www.wikidata.org/wiki/Q6012831,,https://kiki.huh.harvard.edu/databases/botanist_search.php?mode=details&id=38062,https://www.ipni.org/a/5361-1,https://bloodhound-tracker.net/Q6012831,http://www.eoas.info/biogs/P005675b,
92,5867,Ecklon,C.F.,Christian,1995,1817.0,1870.0,"Ecklon, C.F.","Ecklon, C.F.","Ecklon, C.F.",1.0,1.0,http://www.wikidata.org/entity/Q643765,Christian Friedrich Ecklon,Ecklon,C.F.,"Ecklon, C.F.",,20429529,0000 0000 3769 1221,23712.0,2457-1,Eckl.,,,1795.0,1868.0,,,http://www.wikidata.org/wiki/Q643765,,https://kiki.huh.harvard.edu/databases/botanist_search.php?mode=details&id=23712,https://www.ipni.org/a/2457-1,,,
99,15050,O'Shanesy,P.A.,Patrick,1934,1863.0,1887.0,"O'Shanesy, P.A.","O'Shanesy, P.A.","O'Shanesy, P.A.",1.0,1.0,http://www.wikidata.org/entity/Q21522303,Patrick Adams O'Shanesy,O'Shanesy,P.A.,"O'Shanesy, P.A.",,,,,20000187-1,O'Shanesy,,,1837.0,1884.0,,,http://www.wikidata.org/wiki/Q21522303,,,https://www.ipni.org/a/20000187-1,,,
107,4541,Crichton,G.A.,,1789,1945.0,1997.0,"Crichton, G.A.","Crichton, G.A.","Crichton, G.A.",1.0,1.0,http://www.wikidata.org/entity/Q47115863,George A. Crichton,Crichton,G.A.,"Crichton, G.A.",,,,,17519-1,Crichton,,,,1989.0,,,http://www.wikidata.org/wiki/Q47115863,,,https://www.ipni.org/a/17519-1,,,
110,4754,Cunningham,A.,Allan,1723,1812.0,1867.0,"Cunningham, A.","Cunningham, A.","Cunningham, A.",1.0,1.0,http://www.wikidata.org/entity/Q545888,Allan Cunningham,Cunningham,A.,"Cunningham, A.",,15528184,0000 0000 6317 2409,46902.0,1916-1,A.Cunn.,,P000337b,1791.0,1839.0,,,http://www.wikidata.org/wiki/Q545888,,https://kiki.huh.harvard.edu/databases/botanist_search.php?mode=details&id=46902,https://www.ipni.org/a/1916-1,,http://www.eoas.info/biogs/P000337b,http://adb.anu.edu.au/biography/cunningham-allan-1941
113,5761,Duretto,M.F.,Marco,1661,1991.0,2010.0,"Duretto, M.F.","Duretto, M.F.","Duretto, M.F.",1.0,1.0,http://www.wikidata.org/entity/Q5996322,Marco F. Duretto,Duretto,M.F.,"Duretto, M.F.",,,,63738,37683-1,Duretto,,,1964.0,,,,http://www.wikidata.org/wiki/Q5996322,,https://kiki.huh.harvard.edu/databases/botanist_search.php?mode=details&id=63738,https://www.ipni.org/a/37683-1,,,
126,20003,Thozet,A.,Anthelme,1522,1866.0,1881.0,"Thozet, A.","Thozet, A.","Thozet, A.",1.0,1.0,http://www.wikidata.org/entity/Q4771567,Anthelme Thozet,Thozet,A.,"Thozet, A.",,92729674,,38706.0,10641-1,Thozet,,,1826.0,1878.0,,,http://www.wikidata.org/wiki/Q4771567,,https://kiki.huh.harvard.edu/databases/botanist_search.php?mode=details&id=38706,https://www.ipni.org/a/10641-1,,,
128,8921,Helms,R.,Richard,1481,1871.0,1981.0,"Helms, R.","Helms, R.","Helms, R.",1.0,1.0,http://www.wikidata.org/entity/Q19877827,Richard Helms,Helms,R.,"Helms, R.",,84145067250966630685,,23189.0,13290-1,Helms,,P000487b,1842.0,1914.0,,,http://www.wikidata.org/wiki/Q19877827,,https://kiki.huh.harvard.edu/databases/botanist_search.php?mode=details&id=23189,https://www.ipni.org/a/13290-1,,http://www.eoas.info/biogs/P000487b,http://adb.anu.edu.au/biography/helms-richard-3747
130,1168,Bates,R.J.,,1414,1968.0,2014.0,"Bates, R.J.","Bates, R.J.","Bates, R.J.",1.0,1.0,http://www.wikidata.org/entity/Q6109468,Robert J. Bates,Bates,R.J.,"Bates, R.J.",,,,65346,13250-1,R.J.Bates,,,1946.0,,,,http://www.wikidata.org/wiki/Q6109468,,https://kiki.huh.harvard.edu/databases/botanist_search.php?mode=details&id=65346,https://www.ipni.org/a/13250-1,,,
133,10459,Jones,D.L.,David Lloyd,1385,1960.0,2006.0,"Jones, D.L.","Jones, D.L.","Jones, D.L.",1.0,1.0,http://www.wikidata.org/entity/Q1175070,David Lloyd Jones,Jones,D.L.,"Jones, D.L.",,34558570,0000 0001 1053 0310,17797.0,4531-1,D.L.Jones,,,1944.0,,,,http://www.wikidata.org/wiki/Q1175070,,https://kiki.huh.harvard.edu/databases/botanist_search.php?mode=details&id=17797,https://www.ipni.org/a/4531-1,,,
134,9468,Holtze,M.W.,Maurice Waldemar,1361,1867.0,1911.0,"Holtze, M.W.","Holtze, M.W.","Holtze, M.W.",1.0,1.0,http://www.wikidata.org/entity/Q6793541,Maurice William Holtze,Holtze,M.W.,"Holtze, M.W.",,28720157,0000 0000 6322 108X,11267,20034239-1,M.Holtze,,P001101b,1840.0,1923.0,,,http://www.wikidata.org/wiki/Q6793541,,https://kiki.huh.harvard.edu/databases/botanist_search.php?mode=details&id=11267,https://www.ipni.org/a/20034239-1,,http://www.eoas.info/biogs/P001101b,http://adb.anu.edu.au/biography/holtze-maurice-william-6720
135,9708,Howitt,A.W.,,1335,1838.0,1903.0,"Howitt, A.W.","Howitt, A.W.","Howitt, A.W.",1.0,1.0,http://www.wikidata.org/entity/Q368705,Alfred William Howitt,Howitt,A.W.,"Howitt, A.W.",,46859779,0000 0000 8379 5275,41666.0,13294-1,A.W.Howitt,,P000507b,1830.0,1908.0,,,http://www.wikidata.org/wiki/Q368705,,https://kiki.huh.harvard.edu/databases/botanist_search.php?mode=details&id=41666,https://www.ipni.org/a/13294-1,,http://www.eoas.info/biogs/P000507b,http://adb.anu.edu.au/biography/howitt-alfred-william-510
136,13655,Messina,A.,Andre,1330,2006.0,2020.0,"Messina, A.","Messina, A.","Messina, A.",1.0,1.0,http://www.wikidata.org/entity/Q18986897,Andre Messina,Messina,A.,"Messina, A.",,,,,20016742-1,Messina,,,,,,,http://www.wikidata.org/wiki/Q18986897,,,https://www.ipni.org/a/20016742-1,,,
137,8646,Harvey,W.H.,William Henry,1311,1839.0,1858.0,"Harvey, W.H.","Harvey, W.H.","Harvey, W.H.",1.0,1.0,http://www.wikidata.org/entity/Q1378128,William Henry Harvey,Harvey,W.H.,"Harvey, W.H.",,259531,0000 0001 0775 8592,635.0,3705-1,Harv.,Q1378128,P000482b,1811.0,1866.0,,,http://www.wikidata.org/wiki/Q1378128,,https://kiki.huh.harvard.edu/databases/botanist_search.php?mode=details&id=635,https://www.ipni.org/a/3705-1,https://bloodhound-tracker.net/Q1378128,http://www.eoas.info/biogs/P000482b,http://adb.anu.edu.au/biography/harvey-william-henry-3732
145,15759,Perry,R.A.,,1269,1946.0,1958.0,"Perry, R.A.","Perry, R.A.","Perry, R.A.",1.0,1.0,http://www.wikidata.org/entity/Q62086632,Rayden Alfred Perry,Perry,R.A.,"Perry, R.A.",,,,48778,,,,P004558b,1925.0,2004.0,,,http://www.wikidata.org/wiki/Q62086632,,https://kiki.huh.harvard.edu/databases/botanist_search.php?mode=details&id=48778,,,http://www.eoas.info/biogs/P004558b,
146,19463,Sullivan,D.J.,Daniel,1268,1869.0,1897.0,"Sullivan, D.J.","Sullivan, D.J.","Sullivan, D.J.",1.0,1.0,http://www.wikidata.org/entity/Q36541411,Derek J. Sullivan,Sullivan,D.J.,"Sullivan, D.J.",,,,,20003493-1,D.J.Sullivan,,,,,,,http://www.wikidata.org/wiki/Q36541411,,,https://www.ipni.org/a/20003493-1,,,
152,19381,Streimann,H.,,1237,1963.0,2001.0,"Streimann, H.","Streimann, H.","Streimann, H.",1.0,1.0,http://www.wikidata.org/entity/Q21339679,Heinar Streimann,Streimann,H.,"Streimann, H.",,69178760,0000 0001 1573 7118,2053,15669-1,Streimann,,P005606b,1938.0,2001.0,,,http://www.wikidata.org/wiki/Q21339679,,https://kiki.huh.harvard.edu/databases/botanist_search.php?mode=details&id=2053,https://www.ipni.org/a/15669-1,,http://www.eoas.info/biogs/P005606b,
153,11634,Lebel,T.,Teresa,1218,1992.0,2017.0,"Lebel, T.","Lebel, T.","Lebel, T.",1.0,1.0,http://www.wikidata.org/entity/Q6142582,Teresa Lebel,Lebel,T.,"Lebel, T.",0000-0002-8592-1102,,,,20002421-1,T.Lebel,,,1974.0,,,,http://www.wikidata.org/wiki/Q6142582,https://orcid.org/0000-0002-8592-1102,,https://www.ipni.org/a/20002421-1,,,
160,20985,Walters,N.E.M.,,1185,1947.0,1976.0,"Walters, N.E.M.","Walters, N.E.M.","Walters, N.E.M.",1.0,1.0,http://www.wikidata.org/entity/Q21612108,Neville E.M. Walters,Walters,N.E.M.,"Walters, N.E.M.",,,,,28531-1,N.Walters,,,1916.0,2004.0,,,http://www.wikidata.org/wiki/Q21612108,,,https://www.ipni.org/a/28531-1,,,
168,9172,Hill,G.F.,,1149,1901.0,1941.0,"Hill, G.F.","Hill, G.F.","Hill, G.F.",1.0,1.0,http://www.wikidata.org/entity/Q55047230,Gerald Freer Hill,Hill,G.F.,"Hill, G.F.",,65520721,0000 0000 6380 359X,,,,,P000496b,1880.0,1954.0,,,http://www.wikidata.org/wiki/Q55047230,,,,,http://www.eoas.info/biogs/P000496b,
174,6011,Elix,J.A.,Jack,1112,1965.0,2016.0,"Elix, J.A.","Elix, J.A.","Elix, J.A.",1.0,1.0,http://www.wikidata.org/entity/Q21339171,John Alan Elix,Elix,J.A.,"Elix, J.A.",,5178780,0000 0000 8084 828X,93027.0,18445-1,Elix,,P005725b,1941.0,,,,http://www.wikidata.org/wiki/Q21339171,,https://kiki.huh.harvard.edu/databases/botanist_search.php?mode=details&id=93027,https://www.ipni.org/a/18445-1,,http://www.eoas.info/biogs/P005725b,
179,3799,Clarkson,J.R.,,1082,1930.0,1999.0,"Clarkson, J.R.","Clarkson, J.R.","Clarkson, J.R.",1.0,1.0,http://www.wikidata.org/entity/Q21392436,John Richard Clarkson,Clarkson,J.R.,"Clarkson, J.R.",,,,93047,14650-1,J.R.Clarkson,,,1950.0,,,,http://www.wikidata.org/wiki/Q21392436,,https://kiki.huh.harvard.edu/databases/botanist_search.php?mode=details&id=93047,https://www.ipni.org/a/14650-1,,,
182,652,Audas,J.W.C.,,1075,1891.0,1937.0,"Audas, J.W.C.","Audas, J.W.C.","Audas, J.W.C.",1.0,1.0,http://www.wikidata.org/entity/Q21505426,James Wales Claredon Audas,Audas,J.W.C.,"Audas, J.W.C.",,94759120,0000 0000 6520 0397,69008,13242-1,Audas,,,1872.0,1959.0,,,http://www.wikidata.org/wiki/Q21505426,,https://kiki.huh.harvard.edu/databases/botanist_search.php?mode=details&id=69008,https://www.ipni.org/a/13242-1,,,
184,4592,Cronin,M.,,1070,1887.0,1982.0,"Cronin, M.","Cronin, M.","Cronin, M.",1.0,1.0,http://www.wikidata.org/entity/Q6838116,Mick Cronin,Cronin,M.,"Cronin, M.",,,,,,,,,1911.0,1979.0,,,http://www.wikidata.org/wiki/Q6838116,,,,,,http://adb.anu.edu.au/biography/cronin-deverick-john-mick-9867
186,9524,Hooker,J.D.,Joseph Dalton,1046,1830.0,1902.0,"Hooker, J.D.","Hooker, J.D.","Hooker, J.D.",1.0,1.0,http://www.wikidata.org/entity/Q157501,Joseph Dalton Hooker,Hooker,J.D.,"Hooker, J.D.",,17306215,0000 0001 1970 6167,407.0,4084-1,Hook.f.,Q157501,P000504b,1817.0,1911.0,,,http://www.wikidata.org/wiki/Q157501,,https://kiki.huh.harvard.edu/databases/botanist_search.php?mode=details&id=407,https://www.ipni.org/a/4084-1,https://bloodhound-tracker.net/Q157501,http://www.eoas.info/biogs/P000504b,http://adb.anu.edu.au/biography/hooker-sir-joseph-dalton-3789
188,9507,Hoogland,R.D.,Ruurd Dirk,1024,1951.0,1975.0,"Hoogland, R.D.","Hoogland, R.D.","Hoogland, R.D.",1.0,1.0,http://www.wikidata.org/entity/Q7383565,Ruurd Dirk Hoogland,Hoogland,R.D.,"Hoogland, R.D.",,76996934,0000 0000 5019 6241,18765,4083-1,Hoogland,Q7383565,,1922.0,1994.0,,,http://www.wikidata.org/wiki/Q7383565,,https://kiki.huh.harvard.edu/databases/botanist_search.php?mode=details&id=18765,https://www.ipni.org/a/4083-1,https://bloodhound-tracker.net/Q7383565,,
193,1609,Betche,E.,Ernst,1016,1865.0,1986.0,"Betche, E.","Betche, E.","Betche, E.",1.0,1.0,http://www.wikidata.org/entity/Q8777414,Ernst Betche,Betche,E.,"Betche, E.",,93250440,0000 0000 6457 8785,2251,740-1,Betche,,P000086b,1851.0,1913.0,,,http://www.wikidata.org/wiki/Q8777414,,https://kiki.huh.harvard.edu/databases/botanist_search.php?mode=details&id=2251,https://www.ipni.org/a/740-1,,http://www.eoas.info/biogs/P000086b,http://adb.anu.edu.au/biography/betche-ernst-2988
3,21883,Willis,J.H.,James,20637,1885.0,1996.0,"Willis, J.H.","Willis, J.H.","Willis, J.H.",1.0,2.0,http://www.wikidata.org/entity/Q6135471,James Hamlyn Willis,Willis,J.H.,"Willis, J.H.",,75240843,0000 0001 0989 0124,33214,11720-1,J.H.Willis,,P000902b,1910.0,1995.0,,,http://www.wikidata.org/wiki/Q6135471,,https://kiki.huh.harvard.edu/databases/botanist_search.php?mode=details&id=33214,https://www.ipni.org/a/11720-1,,http://www.eoas.info/biogs/P000902b,http://adb.anu.edu.au/biography/willis-james-hamlyn-jim-21444
4,21883,Willis,J.H.,James,20637,1885.0,1996.0,"Willis, J.H.","Willis, J.H.","Willis, J.H.",1.0,2.0,http://www.wikidata.org/entity/Q47128902,John H. Willis,Willis,J.H.,"Willis, J.H.",,,,,20012709-2,John H.Willis,,,,,,,http://www.wikidata.org/wiki/Q47128902,,,https://www.ipni.org/a/20012709-2,,,
7,19040,Stajsic,V.,Val,10865,1988.0,2020.0,"Stajsic, V.","Stajsic, V.","Stajsic, V.",1.0,2.0,http://www.wikidata.org/entity/Q26714177,V. Stajsic,Stajsic,V.,"Stajsic, V.",,,,,39262-1,Stajsic,,,,,,,http://www.wikidata.org/wiki/Q26714177,,,https://www.ipni.org/a/39262-1,,,
8,19040,Stajsic,V.,Val,10865,1988.0,2020.0,"Stajsic, V.","Stajsic, V.","Stajsic, V.",1.0,2.0,http://www.wikidata.org/entity/Q21395366,Val Stajsic,Stajsic,V.,"Stajsic, V.",,,,,,,,,,,,,http://www.wikidata.org/wiki/Q21395366,,,,,,
12,19415,Stuart,C.,Charles,7342,1844.0,1886.0,"Stuart, C.","Stuart, C.","Stuart, C.",1.0,2.0,http://www.wikidata.org/entity/Q21609965,Charles Stuart,Stuart,C.,"Stuart, C.",,,,25086,20006383-1,C.Stuart,,P000807b,1802.0,1877.0,,,http://www.wikidata.org/wiki/Q21609965,,https://kiki.huh.harvard.edu/databases/botanist_search.php?mode=details&id=25086,https://www.ipni.org/a/20006383-1,,http://www.eoas.info/biogs/P000807b,
13,19415,Stuart,C.,Charles,7342,1844.0,1886.0,"Stuart, C.","Stuart, C.","Stuart, C.",1.0,2.0,http://www.wikidata.org/entity/Q66366782,Chris Stuart,Stuart,C.,"Stuart, C.",,23704078,,,,,,,1950.0,,,,http://www.wikidata.org/wiki/Q66366782,,,,,,
17,5618,Drummond,J.,James,6353,1829.0,1889.0,"Drummond, J.","Drummond, J.","Drummond, J.",1.0,2.0,http://www.wikidata.org/entity/Q2589989,James Drummond,Drummond,J.,"Drummond, J.",,30731252,,7553.0,2324-1,J.Drumm.,,P000373b,1787.0,1863.0,,,http://www.wikidata.org/wiki/Q2589989,,https://kiki.huh.harvard.edu/databases/botanist_search.php?mode=details&id=7553,https://www.ipni.org/a/2324-1,,http://www.eoas.info/biogs/P000373b,http://adb.anu.edu.au/biography/drummond-james-1995
18,5618,Drummond,J.,James,6353,1829.0,1889.0,"Drummond, J.","Drummond, J.","Drummond, J.",1.0,2.0,http://www.wikidata.org/entity/Q21535357,John Drummond,Drummond,J.,"Drummond, J.",,,,,,,,,,,,,http://www.wikidata.org/wiki/Q21535357,,,,,,http://adb.anu.edu.au/biography/drummond-john-1996
30,15121,Oldfield,A.F.,,4108,1850.0,1862.0,"Oldfield, A.F.","Oldfield, A.F.","Oldfield, A.F.",1.0,2.0,http://www.wikidata.org/entity/Q88843212,Augustus Frederick Oldfield,Oldfield,A.F.,"Oldfield, A.F.",,,,,20042870-1,Oldfield,,,1820.0,1887.0,,,http://www.wikidata.org/wiki/Q88843212,,,https://www.ipni.org/a/20042870-1,,,
31,15121,Oldfield,A.F.,,4108,1850.0,1862.0,"Oldfield, A.F.","Oldfield, A.F.","Oldfield, A.F.",1.0,2.0,http://www.wikidata.org/entity/Q4821426,Augustus Frederick Oldfield,Oldfield,A.F.,"Oldfield, A.F.",,29286812,,,,,,P000681b,1820.0,1887.0,,,http://www.wikidata.org/wiki/Q4821426,,,,,http://www.eoas.info/biogs/P000681b,
39,13004,Maxwell,G.,George,3460,1840.0,1978.0,"Maxwell, G.","Maxwell, G.","Maxwell, G.",1.0,2.0,http://www.wikidata.org/entity/Q5542253,George Maxwell,Maxwell,G.,"Maxwell, G.",,,,13698.0,,,,,1804.0,1880.0,,,http://www.wikidata.org/wiki/Q5542253,,https://kiki.huh.harvard.edu/databases/botanist_search.php?mode=details&id=13698,,,,
40,13004,Maxwell,G.,George,3460,1840.0,1978.0,"Maxwell, G.","Maxwell, G.","Maxwell, G.",1.0,2.0,http://www.wikidata.org/entity/Q5542252,George Maxwell,Maxwell,G.,"Maxwell, G.",,,,,,,,,1859.0,1935.0,,,http://www.wikidata.org/wiki/Q5542252,,,,,,http://adb.anu.edu.au/biography/maxwell-george-arnot-7533
42,13582,Melville,R.,,3443,1934.0,2007.0,"Melville, R.","Melville, R.","Melville, R.",1.0,2.0,http://www.wikidata.org/entity/Q7347619,Robert Melville,Melville,R.,"Melville, R.",,14643244,0000 0000 5237 0258,32481,,,,,1723.0,1809.0,,,http://www.wikidata.org/wiki/Q7347619,,https://kiki.huh.harvard.edu/databases/botanist_search.php?mode=details&id=32481,,,,
43,13582,Melville,R.,,3443,1934.0,2007.0,"Melville, R.","Melville, R.","Melville, R.",1.0,2.0,http://www.wikidata.org/entity/Q7365114,Ronald Melville,Melville,R.,"Melville, R.",,56763961,0000 0000 3390 2837,32483,6340-1,Melville,,,1903.0,1985.0,,,http://www.wikidata.org/wiki/Q7365114,,https://kiki.huh.harvard.edu/databases/botanist_search.php?mode=details&id=32483,https://www.ipni.org/a/6340-1,,,
62,18745,Smith,R.V.,,2568,1941.0,2001.0,"Smith, R.V.","Smith, R.V.","Smith, R.V.",1.0,2.0,http://www.wikidata.org/entity/Q21609131,Raymond Vaughan Smith,Smith,R.V.,"Smith, R.V.",,,,,9819-1,R.V.Sm.,,,1923.0,,,,http://www.wikidata.org/wiki/Q21609131,,,https://www.ipni.org/a/9819-1,,,
63,18745,Smith,R.V.,,2568,1941.0,2001.0,"Smith, R.V.","Smith, R.V.","Smith, R.V.",1.0,2.0,http://www.wikidata.org/entity/Q21387929,Raymond Vaughan Smith,Smith,R.V.,"Smith, R.V.",,,,,,,,,1923.0,,,,http://www.wikidata.org/wiki/Q21387929,,,,,,
86,1,Klazenga,N.,Niels,2139,1997.0,2018.0,"Klazenga, N.","Klazenga, N.","Klazenga, N.",1.0,2.0,http://www.wikidata.org/entity/Q21517582,Niels Klazenga,Klazenga,N.,"Klazenga, N.",0000-0003-2224-6821,228151588,0000 0003 6337 2939,90456,20015939-1,Klazenga,0000-0003-2224-6821,,1969.0,,,,http://www.wikidata.org/wiki/Q21517582,https://orcid.org/0000-0003-2224-6821,https://kiki.huh.harvard.edu/databases/botanist_search.php?mode=details&id=90456,https://www.ipni.org/a/20015939-1,https://bloodhound-tracker.net/0000-0003-2224-6821,,
87,1,Klazenga,N.,Niels,2139,1997.0,2018.0,"Klazenga, N.","Klazenga, N.","Klazenga, N.",1.0,2.0,http://www.wikidata.org/entity/Q21387891,N. Klazenga,Klazenga,N.,"Klazenga, N.",,,,,,,,,,,,,http://www.wikidata.org/wiki/Q21387891,,,,,,
93,18665,Smith,B.H.,Basil,1965,1980.0,2005.0,"Smith, B.H.","Smith, B.H.","Smith, B.H.",1.0,2.0,http://www.wikidata.org/entity/Q21609071,Benjamin Hayes Smith,Smith,B.H.,"Smith, B.H.",,,,30285.0,9775-1,B.H.Sm.,,,1841.0,1918.0,,,http://www.wikidata.org/wiki/Q21609071,,https://kiki.huh.harvard.edu/databases/botanist_search.php?mode=details&id=30285,https://www.ipni.org/a/9775-1,,,
94,18665,Smith,B.H.,Basil,1965,1980.0,2005.0,"Smith, B.H.","Smith, B.H.","Smith, B.H.",1.0,2.0,http://www.wikidata.org/entity/Q21609070,Benjamin Harrison Smith,Smith,B.H.,"Smith, B.H.",,,,,30445-1,B.Harr.Sm.,,,1892.0,,,,http://www.wikidata.org/wiki/Q21609070,,,https://www.ipni.org/a/30445-1,,,
102,17266,Ross,J.H.,Jim,1865,1896.0,2005.0,"Ross, J.H.","Ross, J.H.","Ross, J.H.",1.0,2.0,http://www.wikidata.org/entity/Q5925767,James Henderson Ross,Ross,J.H.,"Ross, J.H.",,254622576,,,8609-1,J.H.Ross,,,1941.0,,,,http://www.wikidata.org/wiki/Q5925767,,,https://www.ipni.org/a/8609-1,,,
103,17266,Ross,J.H.,Jim,1865,1896.0,2005.0,"Ross, J.H.","Ross, J.H.","Ross, J.H.",1.0,2.0,http://www.wikidata.org/entity/Q24026282,John Howlett Ross,Ross,J.H.,"Ross, J.H.",,94130382,,,,,,,1857.0,1953.0,,,http://www.wikidata.org/wiki/Q24026282,,,,,,http://adb.anu.edu.au/biography/ross-john-howlett-8273
104,21952,Wilson,J.B.,John Bracebridge ,1864,1872.0,1895.0,"Wilson, J.B.","Wilson, J.B.","Wilson, J.B.",1.0,2.0,http://www.wikidata.org/entity/Q21612774,John Bracebridge Wilson,Wilson,J.B.,"Wilson, J.B.",,80444445,,35120,31798-1,J.B.Wilson,,P000194b,1828.0,1895.0,,,http://www.wikidata.org/wiki/Q21612774,,https://kiki.huh.harvard.edu/databases/botanist_search.php?mode=details&id=35120,https://www.ipni.org/a/31798-1,,http://www.eoas.info/biogs/P000194b,http://adb.anu.edu.au/biography/wilson-john-bracebridge-4869
105,21952,Wilson,J.B.,John Bracebridge ,1864,1872.0,1895.0,"Wilson, J.B.","Wilson, J.B.","Wilson, J.B.",1.0,2.0,http://www.wikidata.org/entity/Q16063106,John Bowie Wilson,Wilson,J.B.,"Wilson, J.B.",,,,,,,,,1820.0,1883.0,,,http://www.wikidata.org/wiki/Q16063106,,,,,,http://adb.anu.edu.au/biography/wilson-john-bowie-4868
111,2521,Brown,A.J.,Austin,1703,1941.0,2017.0,"Brown, A.J.","Brown, A.J.","Brown, A.J.",1.0,2.0,http://www.wikidata.org/entity/Q33665234,A.J. Brown,Brown,A.J.,"Brown, A.J.",,,,,39445-1,A.J.Br.,,,,,,,http://www.wikidata.org/wiki/Q33665234,,,https://www.ipni.org/a/39445-1,,,
112,2521,Brown,A.J.,Austin,1703,1941.0,2017.0,"Brown, A.J.","Brown, A.J.","Brown, A.J.",1.0,2.0,http://www.wikidata.org/entity/Q21535405,Alfred John Brown,Brown,A.J.,"Brown, A.J.",,94738948,0000 0001 0859 4147,,,,,,1893.0,1976.0,,,http://www.wikidata.org/wiki/Q21535405,,,,,,http://adb.anu.edu.au/biography/brown-alfred-john-9596
142,13829,Milne,J.,Josephine,1282,1993.0,2018.0,"Milne, J.","Milne, J.","Milne, J.",1.0,2.0,http://www.wikidata.org/entity/Q2739759,John Milne,Milne,J.,"Milne, J.",,5712308,0000 0000 8195 0104,,,,,,1850.0,1913.0,,,http://www.wikidata.org/wiki/Q2739759,,,,,,
143,13829,Milne,J.,Josephine,1282,1993.0,2018.0,"Milne, J.","Milne, J.","Milne, J.",1.0,2.0,http://www.wikidata.org/entity/Q21521526,Josephine Milne,Milne,J.,"Milne, J.",,,,,20025280-1,J.Milne,,,1957.0,,,,http://www.wikidata.org/wiki/Q21521526,,,https://www.ipni.org/a/20025280-1,,,
169,7114,Galbraith,J.,Jean,1144,1922.0,1992.0,"Galbraith, J.","Galbraith, J.","Galbraith, J.",1.0,2.0,http://www.wikidata.org/entity/Q22104316,John Galbraith,Galbraith,J.,"Galbraith, J.",,,,,,,,,,,,,http://www.wikidata.org/wiki/Q22104316,,,,,,
170,7114,Galbraith,J.,Jean,1144,1922.0,1992.0,"Galbraith, J.","Galbraith, J.","Galbraith, J.",1.0,2.0,http://www.wikidata.org/entity/Q16014376,Jean Galbraith,Galbraith,J.,"Galbraith, J.",,282365075,,,,,,P001975b,1906.0,1999.0,,,http://www.wikidata.org/wiki/Q16014376,,,,,http://www.eoas.info/biogs/P001975b,
196,7835,Gray,B.,,1001,1956.0,2011.0,"Gray, B.","Gray, B.","Gray, B.",1.0,2.0,http://www.wikidata.org/entity/Q52483753,Bessie Gray,Gray,B.,"Gray, B.",,63146936678413781031,,,,,,,1854.0,1925.0,,,http://www.wikidata.org/wiki/Q52483753,,,,,,
197,7835,Gray,B.,,1001,1956.0,2011.0,"Gray, B.","Gray, B.","Gray, B.",1.0,2.0,http://www.wikidata.org/entity/Q13415750,Bruce Gray,Gray,B.,"Gray, B.",,16639496,,,3353-1,B.Gray,,,1939.0,,,,http://www.wikidata.org/wiki/Q13415750,,,https://www.ipni.org/a/3353-1,,,
95,6744,Forrest,J.,,1952,1818.0,1890.0,"Forrest, J.","Forrest, J.","Forrest, J.",1.0,4.0,http://www.wikidata.org/entity/Q58096102,Jessica Forrest,Forrest,J.,"Forrest, J.",0000-0002-5273-9339,160797679,,,,,,,,,,,http://www.wikidata.org/wiki/Q58096102,https://orcid.org/0000-0002-5273-9339,,,,,
96,6744,Forrest,J.,,1952,1818.0,1890.0,"Forrest, J.","Forrest, J.","Forrest, J.",1.0,4.0,http://www.wikidata.org/entity/Q921617,John Forrest,Forrest,J.,"Forrest, J.",,64786403,0000 0000 8389 3342,,,,,P000048b,1847.0,1918.0,,,http://www.wikidata.org/wiki/Q921617,,,,,http://www.eoas.info/biogs/P000048b,http://adb.anu.edu.au/biography/forrest-sir-john-6211
97,6744,Forrest,J.,,1952,1818.0,1890.0,"Forrest, J.","Forrest, J.","Forrest, J.",1.0,4.0,http://www.wikidata.org/entity/Q21535404,John Forrest,Forrest,J.,"Forrest, J.",,185402312,,,,,,,1820.0,1883.0,,,http://www.wikidata.org/wiki/Q21535404,,,,,,http://adb.anu.edu.au/biography/forrest-john-3551
98,6744,Forrest,J.,,1952,1818.0,1890.0,"Forrest, J.","Forrest, J.","Forrest, J.",1.0,4.0,http://www.wikidata.org/entity/Q24082381,John Forrest,Forrest,J.,"Forrest, J.",,,,,,,,,1848.0,1911.0,,,http://www.wikidata.org/wiki/Q24082381,,,,,,http://adb.anu.edu.au/biography/forrest-john-6365
162,14036,Moore,C.,Charles ,1166,1845.0,1986.0,"Moore, C.","Moore, C.","Moore, C.",1.0,4.0,http://www.wikidata.org/entity/Q2959847,Charles Moore,Moore,C.,"Moore, C.",,94637308,0000 0000 7606 5768,2348.0,6612-1,C.Moore,,P000108b,1820.0,1905.0,,,http://www.wikidata.org/wiki/Q2959847,,https://kiki.huh.harvard.edu/databases/botanist_search.php?mode=details&id=2348,https://www.ipni.org/a/6612-1,,http://www.eoas.info/biogs/P000108b,http://adb.anu.edu.au/biography/moore-charles-4229
163,14036,Moore,C.,Charles ,1166,1845.0,1986.0,"Moore, C.","Moore, C.","Moore, C.",1.0,4.0,http://www.wikidata.org/entity/Q5081055,Charles Moore,Moore,C.,"Moore, C.",,73471852,,,,,,,1815.0,1881.0,,,http://www.wikidata.org/wiki/Q5081055,,,,,,
164,14036,Moore,C.,Charles ,1166,1845.0,1986.0,"Moore, C.","Moore, C.","Moore, C.",1.0,4.0,http://www.wikidata.org/entity/Q21068908,Charles Moore,Moore,C.,"Moore, C.",,,,,,,,,1820.0,1895.0,,,http://www.wikidata.org/wiki/Q21068908,,,,,,http://adb.anu.edu.au/biography/moore-charles-4228
165,14036,Moore,C.,Charles ,1166,1845.0,1986.0,"Moore, C.","Moore, C.","Moore, C.",1.0,4.0,http://www.wikidata.org/entity/Q24038530,Carrie Moore,Moore,C.,"Moore, C.",,106868041,,,,,,,1882.0,1956.0,,,http://www.wikidata.org/wiki/Q24038530,,,,,,http://adb.anu.edu.au/biography/moore-caroline-ellen-carrie-7633
67,2564,Brown,R.,Robert,2504,1801.0,1982.0,"Brown, R.","Brown, R.","Brown, R.",1.0,5.0,http://www.wikidata.org/entity/Q155764,Robert Brown,Brown,R.,"Brown, R.",,34572082,0000 0000 8113 5572,38122.0,1192-1,R.Br.,Q155764,P000270b,1773.0,1858.0,,,http://www.wikidata.org/wiki/Q155764,,https://kiki.huh.harvard.edu/databases/botanist_search.php?mode=details&id=38122,https://www.ipni.org/a/1192-1,https://bloodhound-tracker.net/Q155764,http://www.eoas.info/biogs/P000270b,http://adb.anu.edu.au/biography/brown-robert-1835
68,2564,Brown,R.,Robert,2504,1801.0,1982.0,"Brown, R.","Brown, R.","Brown, R.",1.0,5.0,http://www.wikidata.org/entity/Q4269338,Robert Brown,Brown,R.,"Brown, R.",,27283813,0000 0001 0882 3739,81333.0,1193-1,R.Br.ter,,,1842.0,1895.0,,,http://www.wikidata.org/wiki/Q4269338,,https://kiki.huh.harvard.edu/databases/botanist_search.php?mode=details&id=81333,https://www.ipni.org/a/1193-1,,,
69,2564,Brown,R.,Robert,2504,1801.0,1982.0,"Brown, R.","Brown, R.","Brown, R.",1.0,5.0,http://www.wikidata.org/entity/Q7342406,Robert Brown,Brown,R.,"Brown, R.",,8838901,0000 0000 8195 915X,,,,,,1757.0,1831.0,,,http://www.wikidata.org/wiki/Q7342406,,,,,,
70,2564,Brown,R.,Robert,2504,1801.0,1982.0,"Brown, R.","Brown, R.","Brown, R.",1.0,5.0,http://www.wikidata.org/entity/Q7342412,Robert Brown,Brown,R.,"Brown, R.",,,,,1194-1,R.Br.bis,,,1820.0,1906.0,,,http://www.wikidata.org/wiki/Q7342412,,,https://www.ipni.org/a/1194-1,,,
71,2564,Brown,R.,Robert,2504,1801.0,1982.0,"Brown, R.","Brown, R.","Brown, R.",1.0,5.0,http://www.wikidata.org/entity/Q21337638,Roselyn Brown,Brown,R.,"Brown, R.",,,,,,,,,,,,,http://www.wikidata.org/wiki/Q21337638,,,,,,
116,11064,Koch,M.,Maxwell,1595,1882.0,1928.0,"Koch, M.","Koch, M.","Koch, M.",1.0,5.0,http://www.wikidata.org/entity/Q1417855,Manfred Koch,Koch,M.,"Koch, M.",,84342062,,,,,,,1901.0,1972.0,,,http://www.wikidata.org/wiki/Q1417855,,,,,,
117,11064,Koch,M.,Maxwell,1595,1882.0,1928.0,"Koch, M.","Koch, M.","Koch, M.",1.0,5.0,http://www.wikidata.org/entity/Q13607931,Max Koch,Koch,M.,"Koch, M.",,213149106269868492334,,14659,20000001-2,Max Koch,,,1854.0,1925.0,,,http://www.wikidata.org/wiki/Q13607931,,https://kiki.huh.harvard.edu/databases/botanist_search.php?mode=details&id=14659,https://www.ipni.org/a/20000001-2,,,
118,11064,Koch,M.,Maxwell,1595,1882.0,1928.0,"Koch, M.","Koch, M.","Koch, M.",1.0,5.0,http://www.wikidata.org/entity/Q21389766,Milan Koch,Koch,M.,"Koch, M.",,,,,,,,,,,,,http://www.wikidata.org/wiki/Q21389766,,,,,,
119,11064,Koch,M.,Maxwell,1595,1882.0,1928.0,"Koch, M.","Koch, M.","Koch, M.",1.0,5.0,http://www.wikidata.org/entity/Q50395475,Markus Koch,Koch,M.,"Koch, M.",,,,,,,,,,,,,http://www.wikidata.org/wiki/Q50395475,,,,,,
120,11064,Koch,M.,Maxwell,1595,1882.0,1928.0,"Koch, M.","Koch, M.","Koch, M.",1.0,5.0,http://www.wikidata.org/entity/Q21517654,Marcus Koch,Koch,M.,"Koch, M.",0000-0002-1693-6829,7587155044748772520009,,,20031598-1,M.A.Koch,,,1967.0,,,,http://www.wikidata.org/wiki/Q21517654,https://orcid.org/0000-0002-1693-6829,,https://www.ipni.org/a/20031598-1,,,
32,16555,Ratkowsky,D.A.,David,4085,1966.0,2018.0,"Ratkowsky, D.A.","Ratkowsky, D.A.","Ratkowsky, D.(.).",0.944,1.0,http://www.wikidata.org/entity/Q88847216,David (A.) Ratkowsky,Ratkowsky,D.(.).,"Ratkowsky, D.(.).",,,,,20039130-1,Ratkowsky,,,,,,,http://www.wikidata.org/wiki/Q88847216,,,https://www.ipni.org/a/20039130-1,,,
161,5716,Dunlop,C.R.,,1169,1968.0,2000.0,"Dunlop, C.R.","Dunlop, C.R.","Dunlop, C.",0.935,1.0,http://www.wikidata.org/entity/Q13420116,Clyde Dunlop,Dunlop,C.,"Dunlop, C.",,279666372,,69477,13280-1,Dunlop,,P005245b,1946.0,,,,http://www.wikidata.org/wiki/Q13420116,,https://kiki.huh.harvard.edu/databases/botanist_search.php?mode=details&id=69477,https://www.ipni.org/a/13280-1,,http://www.eoas.info/biogs/P005245b,
24,18465,Simmons,J.G.,,5845,1944.0,2005.0,"Simmons, J.G.","Simmons, J.G.","Simmons, J.",0.923,1.0,http://www.wikidata.org/entity/Q21535956,Joseph Simmons,Simmons,J.,"Simmons, J.",,17151538,,,,,,,1810.0,1893.0,,,http://www.wikidata.org/wiki/Q21535956,,,,,,http://adb.anu.edu.au/biography/simmons-joseph-2663
171,11639,LeBreton,C.,,1140,1975.0,1991.0,"LeBreton, C.","LeBreton, C.","LeBreton, M.",0.917,1.0,http://www.wikidata.org/entity/Q21341238,Matthew LeBreton,LeBreton,M.,"LeBreton, M.",,,,,,,,,,,,,http://www.wikidata.org/wiki/Q21341238,,,,,,
76,18544,Sinkora,D.,,2477,1969.0,1993.0,"Sinkora, D.","Sinkora, D.","Sinkora, D.M.",0.916,1.0,http://www.wikidata.org/entity/Q21608980,Doris Martha Sinkora,Sinkora,D.M.,"Sinkora, D.M.",,,,,30424-1,Sinkora,,,1927.0,,,,http://www.wikidata.org/wiki/Q21608980,,,https://www.ipni.org/a/30424-1,,,
175,7345,George,A.S.,Alex,1108,1957.0,2017.0,"George, A.S.","George, A.S.","George, A.",0.915,1.0,http://www.wikidata.org/entity/Q2702267,Alex George,George,A.,"George, A.",,121789273,0000 0001 0803 529X,,3090-1,A.S.George,,,1939.0,,,,http://www.wikidata.org/wiki/Q2702267,,,https://www.ipni.org/a/3090-1,,,
108,13285,McHard,M.,Mary,1777,1847.0,1895.0,"McHard, M.","McHard, M.","McHard, M.A.",0.914,1.0,http://www.wikidata.org/entity/Q67954831,Mary Ann McHard,McHard,M.A.,"McHard, M.A.",,,,,,,,P006109b,1825.0,1912.0,,,http://www.wikidata.org/wiki/Q67954831,,,,,http://www.eoas.info/biogs/P006109b,
53,4400,Coveny,R.G.,,3070,1953.0,2013.0,"Coveny, R.G.","Coveny, R.G.","Coveny, R.",0.912,1.0,http://www.wikidata.org/entity/Q21537426,Robert Coveny,Coveny,R.,"Coveny, R.",,,,,,,,,1809.0,1878.0,,,http://www.wikidata.org/wiki/Q21537426,,,,,,http://adb.anu.edu.au/biography/coveny-robert-3271
166,18908,Specht,R.L.,,1158,1948.0,1989.0,"Specht, R.L.","Specht, R.L.","Specht, R.",0.912,1.0,http://www.wikidata.org/entity/Q3277170,Raymond Specht,Specht,R.,"Specht, R.",,27126714,0000 0001 0881 7822,,9954-1,Specht,,P001449b,1924.0,,,,http://www.wikidata.org/wiki/Q3277170,,,https://www.ipni.org/a/9954-1,,http://www.eoas.info/biogs/P001449b,
191,8624,Hartmann,C.H.,Carl,1017,1856.0,1889.0,"Hartmann, C.H.","Hartmann, C.H.","Hartmann, C.",0.911,2.0,http://www.wikidata.org/entity/Q47118583,Claudia Hartmann,Hartmann,C.,"Hartmann, C.",,,,,20001225-1,C.Hartmann,,,,,,,http://www.wikidata.org/wiki/Q47118583,,,https://www.ipni.org/a/20001225-1,,,
192,8624,Hartmann,C.H.,Carl,1017,1856.0,1889.0,"Hartmann, C.H.","Hartmann, C.H.","Hartmann, C.",0.911,2.0,http://www.wikidata.org/entity/Q21339556,Claudia Hartmann,Hartmann,C.,"Hartmann, C.",,,,,,,,,,,,,http://www.wikidata.org/wiki/Q21339556,,,,,,
158,6349,Fawcett,H.C.,,1203,1867.0,1887.0,"Fawcett, H.C.","Fawcett, H.C.","Fawcett, H.S.",0.91,1.0,http://www.wikidata.org/entity/Q21512690,Howard Samuel Fawcett,Fawcett,H.S.,"Fawcett, H.S.",,93937790,0000 0000 6669 7956,7857.0,18684-1,H.S.Fawc.,,,1877.0,1948.0,,,http://www.wikidata.org/wiki/Q21512690,,https://kiki.huh.harvard.edu/databases/botanist_search.php?mode=details&id=7857,https://www.ipni.org/a/18684-1,,,
58,16991,Robbins,F.,,2697,1925.0,1985.0,"Robbins, F.","Robbins, F.","Robbins, J.",0.896,1.0,http://www.wikidata.org/entity/Q55071951,John Robbins,Robbins,J.,"Robbins, J.",,,,,,,,,1927.0,2004.0,,,http://www.wikidata.org/wiki/Q55071951,,,,,,
124,21268,Webb,W.,,1579,1879.0,1896.0,"Webb, W.","Webb, W.","Webb, W.A.",0.893,1.0,http://www.wikidata.org/entity/Q8004315,William Alfred Webb,Webb,W.A.,"Webb, W.A.",,249819769,,,,,,,1878.0,1936.0,,,http://www.wikidata.org/wiki/Q8004315,,,,,,http://adb.anu.edu.au/biography/webb-william-alfred-9026
148,16719,Reid,J.C.,John,1250,1974.0,2011.0,"Reid, J.C.","Reid, J.C.","Reid, J.",0.892,4.0,http://www.wikidata.org/entity/Q22109480,James Reid,Reid,J.,"Reid, J.",,,,,,,,,,,,,http://www.wikidata.org/wiki/Q22109480,,,,,,
149,16719,Reid,J.C.,John,1250,1974.0,2011.0,"Reid, J.C.","Reid, J.C.","Reid, J.",0.892,4.0,http://www.wikidata.org/entity/Q47125085,James Reid,Reid,J.,"Reid, J.",,,,,25480-1,J.Reid,,,,,,,http://www.wikidata.org/wiki/Q47125085,,,https://www.ipni.org/a/25480-1,,,
150,16719,Reid,J.C.,John,1250,1974.0,2011.0,"Reid, J.C.","Reid, J.C.","Reid, J.",0.892,4.0,http://www.wikidata.org/entity/Q24239535,John Reid,Reid,J.,"Reid, J.",,4850150749010816420005,,,,,,,1858.0,1919.0,,,http://www.wikidata.org/wiki/Q24239535,,,,,,http://adb.anu.edu.au/biography/reid-john-8175
151,16719,Reid,J.C.,John,1250,1974.0,2011.0,"Reid, J.C.","Reid, J.C.","Reid, J.",0.892,4.0,http://www.wikidata.org/entity/Q24250525,John Reid,Reid,J.,"Reid, J.",,,,,,,,,1825.0,1882.0,,,http://www.wikidata.org/wiki/Q24250525,,,,,,http://adb.anu.edu.au/biography/reid-john-4915
64,4492,Craven,L.A.,Lyn,2564,1962.0,2008.0,"Craven, L.A.","Craven, L.A.","Craven, L.",0.89,1.0,http://www.wikidata.org/entity/Q6708677,Lyndley Craven,Craven,L.,"Craven, L.",,309880400,,93179,12457-1,Craven,,P005723b,1945.0,2014.0,,,http://www.wikidata.org/wiki/Q6708677,,https://kiki.huh.harvard.edu/databases/botanist_search.php?mode=details&id=93179,https://www.ipni.org/a/12457-1,,http://www.eoas.info/biogs/P005723b,
138,20156,Tonkin,J.E.,Jenny,1289,1994.0,2006.0,"Tonkin, J.E.","Tonkin, J.E.","Tonkin, J.A.",0.887,1.0,http://www.wikidata.org/entity/Q21535206,John Andrew Tonkin,Tonkin,J.A.,"Tonkin, J.A.",,158693004,,,,,,,1900.0,1952.0,,,http://www.wikidata.org/wiki/Q21535206,,,,,,http://adb.anu.edu.au/biography/tonkin-john-andrew-11871
1,14283,Mueller,F. ,Ferdinand Jacob Heinrich,25429,1812.0,1895.0,"Mueller, F. ","Mueller, F. ","Mueller, F.v.",0.885,1.0,http://www.wikidata.org/entity/Q708002,Ferdinand von Mueller,Mueller,F.v.,"Mueller, F.v.",,95199327,0000 0001 0786 2787,13918.0,6732-1,F.Muell.,Q708002,P000663b,1825.0,1896.0,,,http://www.wikidata.org/wiki/Q708002,,https://kiki.huh.harvard.edu/databases/botanist_search.php?mode=details&id=13918,https://www.ipni.org/a/6732-1,https://bloodhound-tracker.net/Q708002,http://www.eoas.info/biogs/P000663b,http://adb.anu.edu.au/biography/mueller-sir-ferdinand-jakob-heinrich-von-4266
79,18408,Sieber,F.W.,Franz Wilhelm,2428,1811.0,1923.0,"Sieber, F.W.","Sieber, F.W.","Sieber, F.",0.885,1.0,http://www.wikidata.org/entity/Q78907,Franz Sieber,Sieber,F.,"Sieber, F.",,22916664,0000 0001 2209 4341,1684.0,9612-1,Sieber,,,1789.0,1844.0,,,http://www.wikidata.org/wiki/Q78907,,https://kiki.huh.harvard.edu/databases/botanist_search.php?mode=details&id=1684,https://www.ipni.org/a/9612-1,,,
100,6710,Foreman,D.B.,Don,1929,1972.0,2003.0,"Foreman, D.B.","Foreman, D.B.","Foreman, D.",0.884,1.0,http://www.wikidata.org/entity/Q18984668,Donald Foreman,Foreman,D.,"Foreman, D.",,91467425,0000 0000 6782 9631,49657,2823-1,Foreman,,,1945.0,2004.0,,,http://www.wikidata.org/wiki/Q18984668,,https://kiki.huh.harvard.edu/databases/botanist_search.php?mode=details&id=49657,https://www.ipni.org/a/2823-1,,,
187,21755,Wilhelmi,J.F.C.,,1035,1847.0,1887.0,"Wilhelmi, J.F.C.","Wilhelmi, J.F.C.","Wilhelmi, J.",0.883,1.0,http://www.wikidata.org/entity/Q19214615,J. Wilhelmi,Wilhelmi,J.,"Wilhelmi, J.",,57390646,0000 0000 8239 5755,,,,,,1880.0,1937.0,,,http://www.wikidata.org/wiki/Q19214615,,,,,,
47,16621,Reader,F.M.,Felix Maximilian,3371,1854.0,1996.0,"Reader, F.M.","Reader, F.M.","Reader, F.",0.882,1.0,http://www.wikidata.org/entity/Q5442312,Felix Reader,Reader,F.,"Reader, F.",,,,45078.0,8205-1,Reader,,,1850.0,1911.0,,,http://www.wikidata.org/wiki/Q5442312,,https://kiki.huh.harvard.edu/databases/botanist_search.php?mode=details&id=45078,https://www.ipni.org/a/8205-1,,,
20,1796,Black,R.A.,Raleigh,6142,1900.0,1953.0,"Black, R.A.","Black, R.A.","Black, R.",0.882,2.0,http://www.wikidata.org/entity/Q7342125,Robert Black,Black,R.,"Black, R.",,24174097,0000 0000 4317 8336,,,,,,1829.0,1915.0,,,http://www.wikidata.org/wiki/Q7342125,,,,,,
21,1796,Black,R.A.,Raleigh,6142,1900.0,1953.0,"Black, R.A.","Black, R.A.","Black, R.",0.882,2.0,http://www.wikidata.org/entity/Q7286889,Raleigh Black,Black,R.,"Black, R.",,,,22318,829-1,R.A.Black,,P005180b,1880.0,1963.0,,,http://www.wikidata.org/wiki/Q7286889,,https://kiki.huh.harvard.edu/databases/botanist_search.php?mode=details&id=22318,https://www.ipni.org/a/829-1,,http://www.eoas.info/biogs/P005180b,
127,11873,Lewis,S.H.,Simon,1518,1971.0,2003.0,"Lewis, S.H.","Lewis, S.H.","Lewis, S.",0.877,1.0,http://www.wikidata.org/entity/Q7407793,Sam Lewis,Lewis,S.,"Lewis, S.",,,,,,,,,1901.0,1976.0,,,http://www.wikidata.org/wiki/Q7407793,,,,,,http://adb.anu.edu.au/biography/lewis-samuel-phineas-sam-10825
139,4506,Crawford,I.,,1287,1985.0,2012.0,"Crawford, I.","Crawford, I.","Crawford, J.",0.875,3.0,http://www.wikidata.org/entity/Q6227536,John Crawford,Crawford,J.,"Crawford, J.",,32129520,0000 0001 2126 8426,,,,,P003463b,1910.0,1984.0,,,http://www.wikidata.org/wiki/Q6227536,,,,,http://www.eoas.info/biogs/P003463b,http://adb.anu.edu.au/biography/crawford-sir-john-grenfell-jack-1391
140,4506,Crawford,I.,,1287,1985.0,2012.0,"Crawford, I.","Crawford, I.","Crawford, J.",0.875,3.0,http://www.wikidata.org/entity/Q6131906,James Crawford,Crawford,J.,"Crawford, J.",,,,,,,,,1908.0,1973.0,,,http://www.wikidata.org/wiki/Q6131906,,,,,,http://adb.anu.edu.au/biography/crawford-james-jim-12867
141,4506,Crawford,I.,,1287,1985.0,2012.0,"Crawford, I.","Crawford, I.","Crawford, J.",0.875,3.0,http://www.wikidata.org/entity/Q376581,Jack Crawford,Crawford,J.,"Crawford, J.",,2353157040165367040002,,,,,,,1908.0,1991.0,1926.0,1951.0,http://www.wikidata.org/wiki/Q376581,,,,,,http://adb.anu.edu.au/biography/crawford-john-herbert-jack-17495
190,12858,Maslin,B.R.,Bruce,1018,1910.0,2013.0,"Maslin, B.R.","Maslin, B.R.","Maslin, B.",0.874,1.0,http://www.wikidata.org/entity/Q2926444,Bruce Maslin,Maslin,B.,"Maslin, B.",,94978723,0000 0000 6608 3807,5215.0,6190-1,Maslin,,P005560b,1946.0,,,,http://www.wikidata.org/wiki/Q2926444,,https://kiki.huh.harvard.edu/databases/botanist_search.php?mode=details&id=5215,https://www.ipni.org/a/6190-1,,http://www.eoas.info/biogs/P005560b,
147,19876,Thiele,K.R.,Kevin,1262,1973.0,2018.0,"Thiele, K.R.","Thiele, K.R.","Thiele, K.",0.871,1.0,http://www.wikidata.org/entity/Q547084,Kevin Thiele,Thiele,K.,"Thiele, K.",0000-0002-6658-6636,,,,27657-1,K.R.Thiele,0000-0002-6658-6636,,1959.0,,,,http://www.wikidata.org/wiki/Q547084,https://orcid.org/0000-0002-6658-6636,,https://www.ipni.org/a/27657-1,https://bloodhound-tracker.net/0000-0002-6658-6636,,
50,4419,Cowie,I.D.,Ian,3135,1981.0,2018.0,"Cowie, I.D.","Cowie, I.D.","Cowie, I.",0.871,2.0,http://www.wikidata.org/entity/Q6076172,Isaac Cowie,Cowie,I.,"Cowie, I.",,104503637,0000 0000 7897 3559,,,,,,1848.0,1917.0,,,http://www.wikidata.org/wiki/Q6076172,,,,,,
51,4419,Cowie,I.D.,Ian,3135,1981.0,2018.0,"Cowie, I.D.","Cowie, I.D.","Cowie, I.",0.871,2.0,http://www.wikidata.org/entity/Q18983983,Ian Cowie,Cowie,I.,"Cowie, I.",,,,,36613-1,Cowie,,,,,,,http://www.wikidata.org/wiki/Q18983983,,,https://www.ipni.org/a/36613-1,,,
23,18470,Simmons,M.H.,,5900,1944.0,2005.0,"Simmons, M.H.","Simmons, M.H.","Simmons, M.P.",0.867,1.0,http://www.wikidata.org/entity/Q19002124,Mark P. Simmons,Simmons,M.P.,"Simmons, M.P.",,,,,37726-1,M.P.Simmons,,,,,,,http://www.wikidata.org/wiki/Q19002124,,,https://www.ipni.org/a/37726-1,,,
38,18385,Short,P.S.,Phillip,3469,1971.0,2011.0,"Short, P.S.","Short, P.S.","Short, P.",0.866,1.0,http://www.wikidata.org/entity/Q5814766,Philip Short,Short,P.,"Short, P.",,,,,14568-1,P.S.Short,,,1955.0,,,,http://www.wikidata.org/wiki/Q5814766,,,https://www.ipni.org/a/14568-1,,,
121,465,Archer,W.R.,William Richard,1591,1978.0,2013.0,"Archer, W.R.","Archer, W.R.","Archer, W.",0.865,3.0,http://www.wikidata.org/entity/Q10426833,William Archer,Archer,W.,"Archer, W.",,80807018,0000 0000 5618 1569,,254-1,W.Archer,,,1830.0,1897.0,,,http://www.wikidata.org/wiki/Q10426833,,,https://www.ipni.org/a/254-1,,,
122,465,Archer,W.R.,William Richard,1591,1978.0,2013.0,"Archer, W.R.","Archer, W.R.","Archer, W.",0.865,3.0,http://www.wikidata.org/entity/Q5560171,William Archer,Archer,W.,"Archer, W.",,126582709,,83524.0,35392-1,W.Archer bis,,P000023b,1820.0,1874.0,,,http://www.wikidata.org/wiki/Q5560171,,https://kiki.huh.harvard.edu/databases/botanist_search.php?mode=details&id=83524,https://www.ipni.org/a/35392-1,,http://www.eoas.info/biogs/P000023b,http://adb.anu.edu.au/biography/archer-william-1460
123,465,Archer,W.R.,William Richard,1591,1978.0,2013.0,"Archer, W.R.","Archer, W.R.","Archer, W.",0.865,3.0,http://www.wikidata.org/entity/Q21539169,William Archer,Archer,W.,"Archer, W.",,,,,,,,,1818.0,1896.0,,,http://www.wikidata.org/wiki/Q21539169,,,,,,http://adb.anu.edu.au/biography/archer-william-2220
189,16619,Reader,E.,,1020,1838.0,1894.0,"Reader, E.","Reader, E.","Reader, A.",0.862,1.0,http://www.wikidata.org/entity/Q4820175,Audrey Reader,Reader,A.,"Reader, A.",,,,,,,,,1903.0,1989.0,,,http://www.wikidata.org/wiki/Q4820175,,,,,,http://adb.anu.edu.au/biography/reader-dame-audrey-tattie-15592
89,6548,Fitzalan,E.F.A.,Eugene Fitzherbaert Albini,2059,1855.0,1974.0,"Fitzalan, E.F.A.","Fitzalan, E.F.A.","Fitzalan, E.",0.858,1.0,http://www.wikidata.org/entity/Q23765917,Eugene Fitzalan,Fitzalan,E.,"Fitzalan, E.",,,,25588,,,,P005527b,1830.0,1911.0,,,http://www.wikidata.org/wiki/Q23765917,,https://kiki.huh.harvard.edu/databases/botanist_search.php?mode=details&id=25588,,,http://www.eoas.info/biogs/P005527b,
173,7041,Fullagar,J.P.,James,1121,1860.0,1877.0,"Fullagar, J.P.","Fullagar, J.P.","Fullagar, W.",0.853,1.0,http://www.wikidata.org/entity/Q8001790,Wilfred Fullagar,Fullagar,W.,"Fullagar, W.",,,,,,,,,1892.0,1961.0,,,http://www.wikidata.org/wiki/Q8001790,,,,,,http://adb.anu.edu.au/biography/fullagar-sir-wilfred-kelsham-10258
49,1257,Bean,A.R.,Tony,3270,1966.0,2017.0,"Bean, A.R.","Bean, A.R.","Bean, A.",0.849,1.0,http://www.wikidata.org/entity/Q4772089,Anthony Bean,Bean,A.,"Bean, A.",,,,29229.0,35385-1,A.R.Bean,,P005122b,1957.0,,,,http://www.wikidata.org/wiki/Q4772089,,https://kiki.huh.harvard.edu/databases/botanist_search.php?mode=details&id=29229,https://www.ipni.org/a/35385-1,,http://www.eoas.info/biogs/P005122b,
33,16191,Preiss,J.A.L.,,3918,1838.0,1870.0,"Preiss, J.A.L.","Preiss, J.A.L.","Preiss, J.",0.838,1.0,http://www.wikidata.org/entity/Q55071172,Julius Preiss,Preiss,J.,"Preiss, J.",,,,,,,,,1885.0,1953.0,,,http://www.wikidata.org/wiki/Q55071172,,,,,,
159,3933,Cochrane,A.C.,Alexander,1186,1998.0,2000.0,"Cochrane, A.C.","Cochrane, A.C.","Cochrane, D.",0.836,1.0,http://www.wikidata.org/entity/Q18646067,Donald Cochrane,Cochrane,D.,"Cochrane, D.",,60500044,0000 0000 6745 2934,,,,,,1917.0,1983.0,,,http://www.wikidata.org/wiki/Q18646067,,,,,,http://adb.anu.edu.au/biography/cochrane-donald-don-12332
77,453,Archer,B.,Barbara,2464,1979.0,2005.0,"Archer, B.","Archer, B.","Archer, J.",0.835,2.0,http://www.wikidata.org/entity/Q21535210,John Archer,Archer,J.,"Archer, J.",,,,,,,,,1814.0,1857.0,,,http://www.wikidata.org/wiki/Q21535210,,,,,,http://adb.anu.edu.au/biography/archer-john-2221
78,453,Archer,B.,Barbara,2464,1979.0,2005.0,"Archer, B.","Archer, B.","Archer, J.",0.835,2.0,http://www.wikidata.org/entity/Q21535876,Joseph Archer,Archer,J.,"Archer, J.",,,,,,,,,1795.0,1853.0,,,http://www.wikidata.org/wiki/Q21535876,,,,,,http://adb.anu.edu.au/biography/archer-joseph-1479
131,17455,Rupp,H.M.R.,,1405,1882.0,1944.0,"Rupp, H.M.R.","Rupp, H.M.R.","Rupp, H.",0.829,2.0,http://www.wikidata.org/entity/Q3281684,Herman Rupp,Rupp,H.,"Rupp, H.",,11521179,0000 0001 1946 5973,2217.0,8744-1,Rupp,,P000763b,1872.0,1956.0,,,http://www.wikidata.org/wiki/Q3281684,,https://kiki.huh.harvard.edu/databases/botanist_search.php?mode=details&id=2217,https://www.ipni.org/a/8744-1,,http://www.eoas.info/biogs/P000763b,http://adb.anu.edu.au/biography/rupp-herman-montague-rucker-8298
132,17455,Rupp,H.M.R.,,1405,1882.0,1944.0,"Rupp, H.M.R.","Rupp, H.M.R.","Rupp, H.",0.829,2.0,http://www.wikidata.org/entity/Q45738980,Hans Rupp,Rupp,H.,"Rupp, H.",,,,,,,,,,1979.0,,,http://www.wikidata.org/wiki/Q45738980,,,,,,
183,22177,Woolcock,C.E.,,1073,1968.0,1989.0,"Woolcock, C.E.","Woolcock, C.E.","Woolcock, A.",0.827,1.0,http://www.wikidata.org/entity/Q17711341,Ann Woolcock,Woolcock,A.,"Woolcock, A.",,48202671,0000 0000 6482 478X,,,,,P002777b,1937.0,2001.0,,,http://www.wikidata.org/wiki/Q17711341,,,,,http://www.eoas.info/biogs/P002777b,
83,2189,Bowman,E.M.,,2200,1859.0,1873.0,"Bowman, E.M.","Bowman, E.M.","Bowman, J.",0.819,2.0,http://www.wikidata.org/entity/Q21539398,James Bowman,Bowman,J.,"Bowman, J.",,,,,,,,P002271b,1784.0,1846.0,,,http://www.wikidata.org/wiki/Q21539398,,,,,http://www.eoas.info/biogs/P002271b,http://adb.anu.edu.au/biography/bowman-james-1812
84,2189,Bowman,E.M.,,2200,1859.0,1873.0,"Bowman, E.M.","Bowman, E.M.","Bowman, J.",0.819,2.0,http://www.wikidata.org/entity/Q21535249,John Bowman,Bowman,J.,"Bowman, J.",,,,,,,,,1763.0,1825.0,,,http://www.wikidata.org/wiki/Q21535249,,,,,,http://adb.anu.edu.au/biography/bowman-john-1813
101,16486,Ralston,K.,,1902,1990.0,2007.0,"Ralston, K.","Ralston, K.","Ralston, E.M.",0.816,1.0,http://www.wikidata.org/entity/Q22811110,Edith Marion Ralston,Ralston,E.M.,"Ralston, E.M.",,,,,,,,,1894.0,1967.0,,,http://www.wikidata.org/wiki/Q22811110,,,,,,http://adb.anu.edu.au/biography/ralston-edith-marion-11480
85,4125,Conn,B.J.,Barry,2186,1970.0,2014.0,"Conn, B.J.","Conn, B.J.","Conn, B.",0.815,1.0,http://www.wikidata.org/entity/Q21340328,Barry Conn,Conn,B.,"Conn, B.",0000-0001-9832-3809,91424478,,,13263-1,B.J.Conn,,,1948.0,,,,http://www.wikidata.org/wiki/Q21340328,https://orcid.org/0000-0001-9832-3809,,https://www.ipni.org/a/13263-1,,,
194,8823,Healey,K.,,1014,1953.0,1963.0,"Healey, K.","Healey, K.","Healey, M.",0.812,1.0,http://www.wikidata.org/entity/Q73144107,Maud Healey,Healey,M.,"Healey, M.",,,,,,,,,,,,,http://www.wikidata.org/wiki/Q73144107,,,,,,
29,602,Aston,H.I.,Helen,4274,1951.0,2000.0,"Aston, H.I.","Aston, H.I.","Aston, H.",0.805,1.0,http://www.wikidata.org/entity/Q21393448,Helen Aston,Aston,H.,"Aston, H.",,45910872,0000 0000 3357 188X,73165.0,13241-1,Aston,,,1934.0,,,,http://www.wikidata.org/wiki/Q21393448,,https://kiki.huh.harvard.edu/databases/botanist_search.php?mode=details&id=73165,https://www.ipni.org/a/13241-1,,,
66,11719,Leichhardt,F.W.L.,,2518,1842.0,1848.0,"Leichhardt, F.W.L.","Leichhardt, F.W.L.","Leichhardt, L.",0.805,1.0,http://www.wikidata.org/entity/Q57763,Ludwig Leichhardt,Leichhardt,L.,"Leichhardt, L.",,19812603,0000 0000 8098 9904,70138.0,5440-1,Leichh.,,P000570b,1813.0,1848.0,,,http://www.wikidata.org/wiki/Q57763,,https://kiki.huh.harvard.edu/databases/botanist_search.php?mode=details&id=70138,https://www.ipni.org/a/5440-1,,http://www.eoas.info/biogs/P000570b,http://adb.anu.edu.au/biography/leichhardt-friedrich-wilhelm-ludwig-2347
178,18202,Sewell,J.,Julia,1087,1882.0,1906.0,"Sewell, J.","Sewell, J.","Sewell, A.M.",0.804,1.0,http://www.wikidata.org/entity/Q21535479,Alice Maud Sewell,Sewell,A.M.,"Sewell, A.M.",,,,,,,,,1881.0,1971.0,,,http://www.wikidata.org/wiki/Q21535479,,,,,,http://adb.anu.edu.au/biography/sewell-alice-maud-8556
80,22407,Zeyher,C.L.P.,,2276,1822.0,1895.0,"Zeyher, C.L.P.","Zeyher, C.L.P.","Zeyher, K.L.P.",0.802,1.0,http://www.wikidata.org/entity/Q86271,Karl Ludwig Philipp Zeyher,Zeyher,K.L.P.,"Zeyher, K.L.P.",,29882971,0000 0000 0504 3860,21300.0,13042-1,Zeyh.,,,1799.0,1858.0,,,http://www.wikidata.org/wiki/Q86271,,https://kiki.huh.harvard.edu/databases/botanist_search.php?mode=details&id=21300,https://www.ipni.org/a/13042-1,,,
180,8455,Hansen,N.A.,,1082,1924.0,1965.0,"Hansen, N.A.","Hansen, N.A.","Hansen, N.E.",0.8,1.0,http://www.wikidata.org/entity/Q7031479,Niels Ebbesen Hansen,Hansen,N.E.,"Hansen, N.E.",,43853698,0000 0000 3847 1415,77292.0,3633-1,N.E.Hansen,,,1866.0,1950.0,,,http://www.wikidata.org/wiki/Q7031479,,https://kiki.huh.harvard.edu/databases/botanist_search.php?mode=details&id=77292,https://www.ipni.org/a/3633-1,,,
154,5687,Duncan,B.D.,Betty Dallas,1206,1972.0,1997.0,"Duncan, B.D.","Duncan, B.D.","Duncan, J.",0.797,4.0,http://www.wikidata.org/entity/Q6132932,James Duncan,Duncan,J.,"Duncan, J.",,13824594,0000 0001 0978 1411,,,,,,1804.0,1861.0,,,http://www.wikidata.org/wiki/Q6132932,,,,,,
155,5687,Duncan,B.D.,Betty Dallas,1206,1972.0,1997.0,"Duncan, B.D.","Duncan, B.D.","Duncan, J.",0.797,4.0,http://www.wikidata.org/entity/Q6230346,John Duncan,Duncan,J.,"Duncan, J.",,,,35997,,,,,1794.0,1881.0,,,http://www.wikidata.org/wiki/Q6230346,,https://kiki.huh.harvard.edu/databases/botanist_search.php?mode=details&id=35997,,,,
156,5687,Duncan,B.D.,Betty Dallas,1206,1972.0,1997.0,"Duncan, B.D.","Duncan, B.D.","Duncan, J.",0.797,4.0,http://www.wikidata.org/entity/Q21511053,James Duncan,Duncan,J.,"Duncan, J.",,67203561,0000 0000 5188 2622,27652,13964-1,Duncan,,,1802.0,1876.0,,,http://www.wikidata.org/wiki/Q21511053,,https://kiki.huh.harvard.edu/databases/botanist_search.php?mode=details&id=27652,https://www.ipni.org/a/13964-1,,,
157,5687,Duncan,B.D.,Betty Dallas,1206,1972.0,1997.0,"Duncan, B.D.","Duncan, B.D.","Duncan, J.",0.797,4.0,http://www.wikidata.org/entity/Q18379593,John Duncan,Duncan,J.,"Duncan, J.",,,,,,,,,1845.0,1913.0,,,http://www.wikidata.org/wiki/Q18379593,,,,,,http://adb.anu.edu.au/biography/duncan-sir-john-james-1171
177,15174,Orchard,A.E.,Tony,1101,1968.0,2010.0,"Orchard, A.E.","Orchard, A.E.","Orchard, R.",0.778,1.0,http://www.wikidata.org/entity/Q7328187,Richard Orchard,Orchard,R.,"Orchard, R.",,,,,,,,,1871.0,1942.0,,,http://www.wikidata.org/wiki/Q7328187,,,,,,http://adb.anu.edu.au/biography/orchard-richard-beaumont-7912
181,6219,Ewers,W.H.,,1080,1958.0,1990.0,"Ewers, W.H.","Ewers, W.H.","Ewers, R.",0.77,1.0,http://www.wikidata.org/entity/Q22105577,R. Ewers,Ewers,R.,"Ewers, R.",,,,,,,,,,,,,http://www.wikidata.org/wiki/Q22105577,,,,,,
172,826,Baker,W.R.A.,,1139,1868.0,1989.0,"Baker, W.R.A.","Baker, W.R.A.","Baker, W.",0.762,1.0,http://www.wikidata.org/entity/Q27926913,William Baker,Baker,W.,"Baker, W.",,24378115,,,,,,P001594b,1864.0,1929.0,,,http://www.wikidata.org/wiki/Q27926913,,,,,http://www.eoas.info/biogs/P001594b,
106,10391,Johnson,Stephen,,1795,1876.0,1899.0,"Johnson, Stephen","Johnson, Stephen","Stephenson, S.",0.748,1.0,http://www.wikidata.org/entity/Q24226870,Stuart Stephenson,Stephenson,S.,"Stephenson, S.",,,,,,,,,1867.0,1944.0,,,http://www.wikidata.org/wiki/Q24226870,,,,,,http://adb.anu.edu.au/biography/stephenson-stuart-11760
114,493,Armit,W.E. de M.,William Edington de Margrat,1654,1802.0,1898.0,"Armit, W.E. de M.","Armit, W.E. de M.","Armit, W.E.(.M.",0.724,1.0,http://www.wikidata.org/entity/Q21539286,William Edington (de Margrat) Armit,Armit,W.E.(.M.,"Armit, W.E.(.M.",,,,39137,,,,P000069b,1848.0,1901.0,,,http://www.wikidata.org/wiki/Q21539286,,https://kiki.huh.harvard.edu/databases/botanist_search.php?mode=details&id=39137,,,http://www.eoas.info/biogs/P000069b,http://adb.anu.edu.au/biography/armit-william-edington-de-margrat-2897
195,19882,Thies,A.W.,Arthur,1002,1978.0,1998.0,"Thies, A.W.","Thies, A.W.","Thies, D.",0.724,1.0,http://www.wikidata.org/entity/Q21395266,Detlev Thies,Thies,D.,"Thies, D.",,,,,,,,,,,,,http://www.wikidata.org/wiki/Q21395266,,,,,,
14,14329,Muir,T.B.,,7191,1879.0,1986.0,"Muir, T.B.","Muir, T.B.","Muir, J.",0.724,3.0,http://www.wikidata.org/entity/Q379580,John Muir,Muir,J.,"Muir, J.",,68933311,0000 0001 2137 9847,24268.0,6757-1,J.Muir,Q379580,,1838.0,1914.0,,,http://www.wikidata.org/wiki/Q379580,,https://kiki.huh.harvard.edu/databases/botanist_search.php?mode=details&id=24268,https://www.ipni.org/a/6757-1,https://bloodhound-tracker.net/Q379580,,
15,14329,Muir,T.B.,,7191,1879.0,1986.0,"Muir, T.B.","Muir, T.B.","Muir, J.",0.724,3.0,http://www.wikidata.org/entity/Q1701160,John Muir,Muir,J.,"Muir, J.",,25755593,0000 0000 4321 0842,,20009120-1,John Muir,Q1701160,,1874.0,1947.0,,,http://www.wikidata.org/wiki/Q1701160,,,https://www.ipni.org/a/20009120-1,https://bloodhound-tracker.net/Q1701160,,
16,14329,Muir,T.B.,,7191,1879.0,1986.0,"Muir, T.B.","Muir, T.B.","Muir, J.",0.724,3.0,http://www.wikidata.org/entity/Q64788212,Jock Muir,Muir,J.,"Muir, J.",,,,,,,,,1914.0,1995.0,,,http://www.wikidata.org/wiki/Q64788212,,,,,,http://adb.anu.edu.au/biography/muir-ernest-jack-jock-27598
72,3774,Clarke,I.C.,Ian,2491,1975.0,2017.0,"Clarke, I.C.","Clarke, I.C.","Clarke, J.",0.697,4.0,http://www.wikidata.org/entity/Q11728948,Julia Clarke,Clarke,J.,"Clarke, J.",,,,,,,,,,,,,http://www.wikidata.org/wiki/Q11728948,,,,,,
73,3774,Clarke,I.C.,Ian,2491,1975.0,2017.0,"Clarke, I.C.","Clarke, I.C.","Clarke, J.",0.697,4.0,http://www.wikidata.org/entity/Q18529981,Janet Clarke,Clarke,J.,"Clarke, J.",,,,,,,,,1851.0,1909.0,,,http://www.wikidata.org/wiki/Q18529981,,,,,,http://adb.anu.edu.au/biography/clarke-janet-marion-3224
74,3774,Clarke,I.C.,Ian,2491,1975.0,2017.0,"Clarke, I.C.","Clarke, I.C.","Clarke, J.",0.697,4.0,http://www.wikidata.org/entity/Q20203604,John Clarke,Clarke,J.,"Clarke, J.",,3391148390832210830008,,,,,,,1846.0,1867.0,,,http://www.wikidata.org/wiki/Q20203604,,,,,,http://adb.anu.edu.au/biography/clarke-john-3341
75,3774,Clarke,I.C.,Ian,2491,1975.0,2017.0,"Clarke, I.C.","Clarke, I.C.","Clarke, J.",0.697,4.0,http://www.wikidata.org/entity/Q24205039,Joseph Clarke,Clarke,J.,"Clarke, J.",,,,,,,,,1834.0,1895.0,,,http://www.wikidata.org/wiki/Q24205039,,,,,,http://adb.anu.edu.au/biography/clarke-joseph-3342
25,2473,Brooker,M.I.H.,,4966,1938.0,2006.0,"Brooker, M.I.H.","Brooker, M.I.H.","Brooker, E.",0.674,1.0,http://www.wikidata.org/entity/Q3048465,Edward Brooker,Brooker,E.,"Brooker, E.",,,,,,,,,1891.0,1948.0,,,http://www.wikidata.org/wiki/Q3048465,,,,,,http://adb.anu.edu.au/biography/brooker-william-edward-9590
176,18552,Sinnott,N.H.,Nigel,1104,1944.0,2015.0,"Sinnott, N.H.","Sinnott, N.H.","Sinnott, E.W.",0.674,1.0,http://www.wikidata.org/entity/Q5339904,Edmund Ware Sinnott,Sinnott,E.W.,"Sinnott, E.W.",,34832741,0000 0000 8114 1745,23132.0,9699-1,Sinnott,,,1888.0,1968.0,,,http://www.wikidata.org/wiki/Q5339904,,https://kiki.huh.harvard.edu/databases/botanist_search.php?mode=details&id=23132,https://www.ipni.org/a/9699-1,,,
125,13632,Merrall,E.,Edwin,1561,1807.0,1899.0,"Merrall, E.","Merrall, E.","O'Ferrall, E.",0.667,1.0,http://www.wikidata.org/entity/Q15440492,Ernest O'Ferrall,O'Ferrall,E.,"O'Ferrall, E.",,91649429,,,,,,,1881.0,1925.0,,,http://www.wikidata.org/wiki/Q15440492,,,,,,http://adb.anu.edu.au/biography/oferrall-ernest-francis-7883
52,3185,Cann,H.J.,,3106,1952.0,1974.0,"Cann, H.J.","Cann, H.J.","Cann, J.",0.661,1.0,http://www.wikidata.org/entity/Q6225040,John Cann,Cann,J.,"Cann, J.",,,,,,,,,1860.0,1940.0,,,http://www.wikidata.org/wiki/Q6225040,,,,,,http://adb.anu.edu.au/biography/cann-john-henry-5497
109,17766,Sayer,W.A.,,1730,1877.0,1898.0,"Sayer, W.A.","Sayer, W.A.","Sayer, C.D.",0.657,1.0,http://www.wikidata.org/entity/Q25448507,Carl D. Sayer,Sayer,C.D.,"Sayer, C.D.",,,,,,,,,,,,,http://www.wikidata.org/wiki/Q25448507,,,,,,
115,14213,Moscal,A.,,1626,1968.0,2002.0,"Moscal, A.","Moscal, A.","Mosca, L.",0.639,1.0,http://www.wikidata.org/entity/Q47122999,Luigi Mosca,Mosca,L.,"Mosca, L.",,,,,14456-1,L.Mosca,,,,,,,http://www.wikidata.org/wiki/Q47122999,,,https://www.ipni.org/a/14456-1,,,
65,15766,Persieh,W.A.,,2551,1877.0,1887.0,"Persieh, W.A.","Persieh, W.A.","Hsieh, W.H.",0.633,1.0,http://www.wikidata.org/entity/Q36701441,Wen Hsui Hsieh,Hsieh,W.H.,"Hsieh, W.H.",,,,,20548-1,W.H.Hsieh,,,,,,,http://www.wikidata.org/wiki/Q36701441,,,https://www.ipni.org/a/20548-1,,,
27,3598,Chesterfield,E.A.,Evan,4350,1970.0,2002.0,"Chesterfield, E.A.","Chesterfield, E.A.","Waterfield, W.",0.623,1.0,http://www.wikidata.org/entity/Q21539672,William Waterfield,Waterfield,W.,"Waterfield, W.",,,,,,,,,1795.0,1868.0,,,http://www.wikidata.org/wiki/Q21539672,,,,,,http://adb.anu.edu.au/biography/waterfield-william-2774
44,743,Bäuerlen,W.,William,3434,1880.0,1910.0,"Bäuerlen, W.","Bäuerlen, W.","Baeuerlen, W.",0.6,1.0,http://www.wikidata.org/entity/Q62088127,William Baeuerlen,Baeuerlen,W.,"Baeuerlen, W.",,,,27830,,,,P002095b,1840.0,1893.0,,,http://www.wikidata.org/wiki/Q62088127,,https://kiki.huh.harvard.edu/databases/botanist_search.php?mode=details&id=27830,,,http://www.eoas.info/biogs/P002095b,
167,6960,French Jnr,C.H.,,1156,1866.0,1944.0,"French Jnr, C.H.","French Jnr, C.H.","French, J.",0.596,1.0,http://www.wikidata.org/entity/Q6112587,Jack French,French,J.,"French, J.",,,,,,,,,1914.0,1942.0,,,http://www.wikidata.org/wiki/Q6112587,,,,,,http://adb.anu.edu.au/biography/french-john-alexander-10250
9,21564,Whinray,J.S.,John,10631,1958.0,2017.0,"Whinray, J.S.","Whinray, J.S.","Pray, J.S.",0.559,1.0,http://www.wikidata.org/entity/Q23620375,James Sturgis Pray,Pray,J.S.,"Pray, J.S.",,71104605,0000 0000 4478 7248,,,,,,1871.0,1929.0,,,http://www.wikidata.org/wiki/Q23620375,,,,,,
26,19007,St John,P.R.H.,,4402,1881.0,1999.0,"St John, P.R.H.",,,,,,,,,,,,,,,,,,,,,,,,,,,,
90,10624,Karunajeewa,N.G.,Nimal,2052,2002.0,2020.0,"Karunajeewa, N.G.",,,,,,,,,,,,,,,,,,,,,,,,,,,,
129,19624,Tadgell,A.J.,,1425,1886.0,1966.0,"Tadgell, A.J.",,,,,,,,,,,,,,,,,,,,,,,,,,,,
144,1176,Batianoff,G.N.,,1278,1955.0,2007.0,"Batianoff, G.N.",,,,,,,,,,,,,,,,,,,,,,,,,,,,
185,2729,Bufton,J.,,1061,1853.0,1898.0,"Bufton, J.",,,,,,,,,,,,,,,,,,,,,,,,,,,,
