,agent_id,family_name,initials_x,given_names,num_coll,start_year,end_year,full_name,left_side,right_side,distance,dup_count,item,itemLabel,surname,initials_y,canonical_string,orcid,viaf,isni,harv,ipni,abbr,bloodhound_id,enc_au_sc_id,yob,yod,wyb,wye
0,1297,Beauglehole,A.C.,,69198,1929.0,2001.0,"Beauglehole, A.C.","Beauglehole, A.C.","Beauglehole, A.C.",0.0,1.0,http://www.wikidata.org/entity/Q16744919,Alexander Clifford Beauglehole,Beauglehole,A.C.,"Beauglehole, A.C.",,,,,,,Q16744919,P000214b,1920.0,2002.0,,
2,19313,Stone,I.G.,,25428,1960.0,1999.0,"Stone, I.G.","Stone, I.G.","Stone, I.G.",0.0,1.0,http://www.wikidata.org/entity/Q6000720,Ilma Grace Stone,Stone,I.G.,"Stone, I.G.",,163909337,0000 0001 1247 4965,40174,27255-1,I.G.Stone,,,1913.0,2001.0,,
5,6458,Filson,R.B.,Rex,15193,1933.0,2000.0,"Filson, R.B.","Filson, R.B.","Filson, R.B.",0.0,1.0,http://www.wikidata.org/entity/Q21339388,Rex Bertram Filson,Filson,R.B.,"Filson, R.B.",,,,76762,18803-1,Filson,,P002347b,1930.0,,,
6,6771,Forster,P.I.,Paul Irwin,12226,1955.0,2118.0,"Forster, P.I.","Forster, P.I.","Forster, P.I.",0.0,1.0,http://www.wikidata.org/entity/Q9057027,Paul Irwin Forster,Forster,P.I.,"Forster, P.I.",,,,,18907-1,P.I.Forst.,,,1961.0,,,
10,20954,Walsh,N.G.,Neville,9122,1971.0,2020.0,"Walsh, N.G.","Walsh, N.G.","Walsh, N.G.",0.0,1.0,http://www.wikidata.org/entity/Q6041421,Neville Grant Walsh,Walsh,N.G.,"Walsh, N.G.",,18877199,0000 0000 6385 4733,,14171-1,N.G.Walsh,,P005329b,1956.0,,,
11,4942,Dallachy,J.,John,8181,1850.0,1883.0,"Dallachy, J.","Dallachy, J.","Dallachy, J.",0.0,1.0,http://www.wikidata.org/entity/Q16065577,John Dallachy,Dallachy,J.,"Dallachy, J.",,,,,,,,P000040b,1803.0,1871.0,,
16,5618,Drummond,J.,James,6353,1829.0,1889.0,"Drummond, J.","Drummond, J.","Drummond, J.",0.0,1.0,http://www.wikidata.org/entity/Q2589989,James Drummond,Drummond,J.,"Drummond, J.",,30731252,,7553.0,2324-1,J.Drumm.,,P000373b,1787.0,1863.0,,
17,168,Albrecht,D.E.,David,6330,1958.0,2017.0,"Albrecht, D.E.","Albrecht, D.E.","Albrecht, D.E.",0.0,1.0,http://www.wikidata.org/entity/Q8354093,David Edward Albrecht,Albrecht,D.E.,"Albrecht, D.E.",,4256153184549027100009,,60179,14172-1,Albr.,,P005243b,1962.0,,,
20,4312,Corrick,M.G.,Margaret Georgina,5938,1956.0,2007.0,"Corrick, M.G.","Corrick, M.G.","Corrick, M.G.",0.0,1.0,http://www.wikidata.org/entity/Q21509106,Margaret Georgina Corrick,Corrick,M.G.,"Corrick, M.G.",,,,,12119-1,Corrick,,,1922.0,,,
26,10324,Jobson,P.C.,Peter,4329,1970.0,2015.0,"Jobson, P.C.","Jobson, P.C.","Jobson, P.C.",0.0,1.0,http://www.wikidata.org/entity/Q21391683,Peter C. Jobson,Jobson,P.C.,"Jobson, P.C.",,,,20908,38452-1,Jobson,,,1965.0,,,
31,6124,Entwisle,T.J.,Tim,3888,1980.0,2015.0,"Entwisle, T.J.","Entwisle, T.J.","Entwisle, T.J.",0.0,1.0,http://www.wikidata.org/entity/Q21512240,Timothy John Entwisle,Entwisle,T.J.,"Entwisle, T.J.",,93619302,0000 0000 7739 0319,66259.0,14571-1,Entwisle,,,1960.0,,,
32,20837,Wakefield,N.A.,,3702,1926.0,1989.0,"Wakefield, N.A.","Wakefield, N.A.","Wakefield, N.A.",0.0,1.0,http://www.wikidata.org/entity/Q7051918,Norman Arthur Wakefield,Wakefield,N.A.,"Wakefield, N.A.",,21877425,0000 0001 1044 2062,49120,11324-1,N.A.Wakef.,,,1918.0,1972.0,,
34,26843,Gates,G.M.,Genevieve,3524,1996.0,2019.0,"Gates, G.M.","Gates, G.M.","Gates, G.M.",0.0,1.0,http://www.wikidata.org/entity/Q36562288,Genevieve M. Gates,Gates,G.M.,"Gates, G.M.",,,,,20019488-1,G.M.Gates,,,,,,
37,21860,Williamson,H.B.,Herbert Bennett,3458,1828.0,1930.0,"Williamson, H.B.","Williamson, H.B.","Williamson, H.B.",0.0,1.0,http://www.wikidata.org/entity/Q20016691,Herbert Bennett Williamson,Williamson,H.B.,"Williamson, H.B.",,,,38662,11712-1,H.B.Will.,,P002763b,1860.0,1931.0,,
41,6676,Forbes,S.J.,,3399,1976.0,1991.0,"Forbes, S.J.","Forbes, S.J.","Forbes, S.J.",0.0,1.0,http://www.wikidata.org/entity/Q21513320,Stephen J. Forbes,Forbes,S.J.,"Forbes, S.J.",,,,,37432-1,S.J.Forbes,,,1953.0,,,
42,3631,Chippendale,G.M.,,3383,1951.0,1976.0,"Chippendale, G.M.","Chippendale, G.M.","Chippendale, G.M.",0.0,1.0,http://www.wikidata.org/entity/Q5537873,George McCartney Chippendale,Chippendale,G.M.,"Chippendale, G.M.",,8631458,0000 0000 8423 5309,18250.0,1601-1,Chippend.,Q5537873,P005133b,1921.0,2010.0,,
44,9632,Hosking,J.R.,John,3319,1977.0,2017.0,"Hosking, J.R.","Hosking, J.R.","Hosking, J.R.",0.0,1.0,http://www.wikidata.org/entity/Q21516084,John Robert Hosking,Hosking,J.R.,"Hosking, J.R.",,,,,39283-1,Hosking,,,1952.0,,,
50,1334,Beckler,H.,Herman,2995,1857.0,1933.0,"Beckler, H.","Beckler, H.","Beckler, H.",0.0,1.0,http://www.wikidata.org/entity/Q21033810,Hermann Beckler,Beckler,H.,"Beckler, H.",,1196895,0000 0000 8349 996X,,,,,P005171b,1828.0,1914.0,,
51,10213,Jeanes,J.A.,Jeff,2914,1983.0,2018.0,"Jeanes, J.A.","Jeanes, J.A.","Jeanes, J.A.",0.0,1.0,http://www.wikidata.org/entity/Q21395685,Jeffrey A. Jeanes,Jeanes,J.A.,"Jeanes, J.A.",,,,41963,39451-1,Jeanes,,,,,,
52,19830,Tepper,J.G.O.,,2876,1829.0,1988.0,"Tepper, J.G.O.","Tepper, J.G.O.","Tepper, J.G.O.",0.0,1.0,http://www.wikidata.org/entity/Q2891010,Johann Gottlieb Otto Tepper,Tepper,J.G.O.,"Tepper, J.G.O.",,92102539,0000 0000 6611 3308,7487.0,10515-1,Tepper,,P005954b,1841.0,1923.0,,
53,5344,Dietrich,A.,Amalia,2754,1860.0,1880.0,"Dietrich, A.","Dietrich, A.","Dietrich, A.",0.0,1.0,http://www.wikidata.org/entity/Q76851,Amalie Dietrich,Dietrich,A.,"Dietrich, A.",,77113813,0000 0000 3219 7769,8587.0,,,Q76851,P000366b,1821.0,1891.0,,
55,1148,Bastow,R.A.,,2694,1854.0,1950.0,"Bastow, R.A.","Bastow, R.A.","Bastow, R.A.",0.0,1.0,http://www.wikidata.org/entity/Q7323833,Richard Austin Bastow,Bastow,R.A.,"Bastow, R.A.",,1450150748994516420005,,23972.0,15765-1,Bastow,,P000207b,1839.0,1920.0,,
56,11496,Latz,P.K.,,2605,1967.0,2013.0,"Latz, P.K.","Latz, P.K.","Latz, P.K.",0.0,1.0,http://www.wikidata.org/entity/Q21518413,Peter K. Latz,Latz,P.K.,"Latz, P.K.",,9116331,0000 0000 6384 1764,36654,35446-1,Latz,,,1941.0,,,
57,20964,Walter,C.,Charles,2589,1867.0,1999.0,"Walter, C.","Walter, C.","Walter, C.",0.0,1.0,http://www.wikidata.org/entity/Q17053407,Carl Walter,Walter,C.,"Walter, C.",,91829033,0000 0001 2030 6160,37942,13332-1,C.Walter,,P001520b,1831.0,1907.0,,
73,14765,Nicholls,W.H.,,2267,1921.0,1962.0,"Nicholls, W.H.","Nicholls, W.H.","Nicholls, W.H.",0.0,1.0,http://www.wikidata.org/entity/Q10393700,William Henry Nicholls,Nicholls,W.H.,"Nicholls, W.H.",,92594457,,23849,6958-1,Nicholls,,P000672b,1885.0,1951.0,,
74,3266,Carr,G.W.,Geoff,2262,1924.0,2015.0,"Carr, G.W.","Carr, G.W.","Carr, G.W.",0.0,1.0,http://www.wikidata.org/entity/Q3281577,Geoffrey William Carr,Carr,G.W.,"Carr, G.W.",,,,,13236-1,G.W.Carr,,,1948.0,,,
79,1844,Blake,S.T.,,2108,1917.0,1980.0,"Blake, S.T.","Blake, S.T.","Blake, S.T.",0.0,1.0,http://www.wikidata.org/entity/Q2984580,Stanley Thatcher Blake,Blake,S.T.,"Blake, S.T.",,304022808,0000 0000 6521 9151,13863.0,838-1,S.T.Blake,,P001391b,1910.0,1973.0,,
82,11583,Lazarides,M.,Mike,2012,1938.0,1988.0,"Lazarides, M.","Lazarides, M.","Lazarides, M.",0.0,1.0,http://www.wikidata.org/entity/Q6012831,Michael Lazarides,Lazarides,M.,"Lazarides, M.",,,,38062,5361-1,Lazarides,Q6012831,P005675b,1928.0,2011.0,,
88,15050,O'Shanesy,P.A.,Patrick,1934,1863.0,1887.0,"O'Shanesy, P.A.","O'Shanesy, P.A.","O'Shanesy, P.A.",0.0,1.0,http://www.wikidata.org/entity/Q21522303,Patrick Adams O'Shanesy,O'Shanesy,P.A.,"O'Shanesy, P.A.",,,,,20000187-1,O'Shanesy,,,1837.0,1884.0,,
91,17266,Ross,J.H.,Jim,1865,1896.0,2005.0,"Ross, J.H.","Ross, J.H.","Ross, J.H.",0.0,1.0,http://www.wikidata.org/entity/Q5925767,James Henderson Ross,Ross,J.H.,"Ross, J.H.",,254622576,,,8609-1,J.H.Ross,,,1941.0,,,
92,21952,Wilson,J.B.,John Bracebridge ,1864,1872.0,1895.0,"Wilson, J.B.","Wilson, J.B.","Wilson, J.B.",0.0,1.0,http://www.wikidata.org/entity/Q21612774,John Bracebridge Wilson,Wilson,J.B.,"Wilson, J.B.",,80444445,,35120,31798-1,J.B.Wilson,,P000194b,1828.0,1895.0,,
94,4541,Crichton,G.A.,,1789,1945.0,1997.0,"Crichton, G.A.","Crichton, G.A.","Crichton, G.A.",0.0,1.0,http://www.wikidata.org/entity/Q47115863,George A. Crichton,Crichton,G.A.,"Crichton, G.A.",,,,,17519-1,Crichton,,,,1989.0,,
97,4754,Cunningham,A.,Allan,1723,1812.0,1867.0,"Cunningham, A.","Cunningham, A.","Cunningham, A.",0.0,1.0,http://www.wikidata.org/entity/Q545888,Allan Cunningham,Cunningham,A.,"Cunningham, A.",,15528184,0000 0000 6317 2409,46902.0,1916-1,A.Cunn.,,P000337b,1791.0,1839.0,,
98,2521,Brown,A.J.,Austin,1703,1941.0,2017.0,"Brown, A.J.","Brown, A.J.","Brown, A.J.",0.0,1.0,http://www.wikidata.org/entity/Q33665234,A.J. Brown,Brown,A.J.,"Brown, A.J.",,,,,39445-1,A.J.Br.,,,,,,
99,5761,Duretto,M.F.,Marco,1661,1991.0,2010.0,"Duretto, M.F.","Duretto, M.F.","Duretto, M.F.",0.0,1.0,http://www.wikidata.org/entity/Q5996322,Marco F. Duretto,Duretto,M.F.,"Duretto, M.F.",,,,63738,37683-1,Duretto,,,1964.0,,,
114,8921,Helms,R.,Richard,1481,1871.0,1981.0,"Helms, R.","Helms, R.","Helms, R.",0.0,1.0,http://www.wikidata.org/entity/Q19877827,Richard Helms,Helms,R.,"Helms, R.",,84145067250966630685,,23189.0,13290-1,Helms,,P000487b,1842.0,1914.0,,
116,1168,Bates,R.J.,,1414,1968.0,2014.0,"Bates, R.J.","Bates, R.J.","Bates, R.J.",0.0,1.0,http://www.wikidata.org/entity/Q6109468,Robert J. Bates,Bates,R.J.,"Bates, R.J.",,,,65346,13250-1,R.J.Bates,,,1946.0,,,
119,10459,Jones,D.L.,David Lloyd,1385,1960.0,2006.0,"Jones, D.L.","Jones, D.L.","Jones, D.L.",0.0,1.0,http://www.wikidata.org/entity/Q1175070,David Lloyd Jones,Jones,D.L.,"Jones, D.L.",,34558570,0000 0001 1053 0310,17797.0,4531-1,D.L.Jones,,,1944.0,,,
120,9468,Holtze,M.W.,Maurice Waldemar,1361,1867.0,1911.0,"Holtze, M.W.","Holtze, M.W.","Holtze, M.W.",0.0,1.0,http://www.wikidata.org/entity/Q6793541,Maurice William Holtze,Holtze,M.W.,"Holtze, M.W.",,28720157,0000 0000 6322 108X,11267,20034239-1,M.Holtze,,P001101b,1840.0,1923.0,,
121,9708,Howitt,A.W.,,1335,1838.0,1903.0,"Howitt, A.W.","Howitt, A.W.","Howitt, A.W.",0.0,1.0,http://www.wikidata.org/entity/Q368705,Alfred William Howitt,Howitt,A.W.,"Howitt, A.W.",,46859779,0000 0000 8379 5275,41666.0,13294-1,A.W.Howitt,,P000507b,1830.0,1908.0,,
122,13655,Messina,A.,Andre,1330,2006.0,2020.0,"Messina, A.","Messina, A.","Messina, A.",0.0,1.0,http://www.wikidata.org/entity/Q18986897,Andre Messina,Messina,A.,"Messina, A.",,,,,20016742-1,Messina,,,,,,
123,8646,Harvey,W.H.,William Henry,1311,1839.0,1858.0,"Harvey, W.H.","Harvey, W.H.","Harvey, W.H.",0.0,1.0,http://www.wikidata.org/entity/Q1378128,William Henry Harvey,Harvey,W.H.,"Harvey, W.H.",,259531,0000 0001 0775 8592,635.0,3705-1,Harv.,Q1378128,P000482b,1811.0,1866.0,,
129,15759,Perry,R.A.,,1269,1946.0,1958.0,"Perry, R.A.","Perry, R.A.","Perry, R.A.",0.0,1.0,http://www.wikidata.org/entity/Q62086632,Rayden Alfred Perry,Perry,R.A.,"Perry, R.A.",,,,48778,,,,P004558b,1925.0,2004.0,,
130,19463,Sullivan,D.J.,Daniel,1268,1869.0,1897.0,"Sullivan, D.J.","Sullivan, D.J.","Sullivan, D.J.",0.0,1.0,http://www.wikidata.org/entity/Q36541411,Derek J. Sullivan,Sullivan,D.J.,"Sullivan, D.J.",,,,,20003493-1,D.J.Sullivan,,,,,,
134,19381,Streimann,H.,,1237,1963.0,2001.0,"Streimann, H.","Streimann, H.","Streimann, H.",0.0,1.0,http://www.wikidata.org/entity/Q21339679,Heinar Streimann,Streimann,H.,"Streimann, H.",,69178760,0000 0001 1573 7118,2053,15669-1,Streimann,,P005606b,1938.0,2001.0,,
135,11634,Lebel,T.,Teresa,1218,1992.0,2017.0,"Lebel, T.","Lebel, T.","Lebel, T.",0.0,1.0,http://www.wikidata.org/entity/Q6142582,Teresa Lebel,Lebel,T.,"Lebel, T.",0000-0002-8592-1102,,,,20002421-1,T.Lebel,,,1974.0,,,
141,20985,Walters,N.E.M.,,1185,1947.0,1976.0,"Walters, N.E.M.","Walters, N.E.M.","Walters, N.E.M.",0.0,1.0,http://www.wikidata.org/entity/Q21612108,Neville E.M. Walters,Walters,N.E.M.,"Walters, N.E.M.",,,,,28531-1,N.Walters,,,1916.0,2004.0,,
146,9172,Hill,G.F.,,1149,1901.0,1941.0,"Hill, G.F.","Hill, G.F.","Hill, G.F.",0.0,1.0,http://www.wikidata.org/entity/Q55047230,Gerald Freer Hill,Hill,G.F.,"Hill, G.F.",,65520721,0000 0000 6380 359X,,,,,P000496b,1880.0,1954.0,,
152,6011,Elix,J.A.,Jack,1112,1965.0,2016.0,"Elix, J.A.","Elix, J.A.","Elix, J.A.",0.0,1.0,http://www.wikidata.org/entity/Q21339171,John Alan Elix,Elix,J.A.,"Elix, J.A.",,5178780,0000 0000 8084 828X,93027.0,18445-1,Elix,,P005725b,1941.0,,,
157,3799,Clarkson,J.R.,,1082,1930.0,1999.0,"Clarkson, J.R.","Clarkson, J.R.","Clarkson, J.R.",0.0,1.0,http://www.wikidata.org/entity/Q21392436,John Richard Clarkson,Clarkson,J.R.,"Clarkson, J.R.",,,,93047,14650-1,J.R.Clarkson,,,1950.0,,,
160,652,Audas,J.W.C.,,1075,1891.0,1937.0,"Audas, J.W.C.","Audas, J.W.C.","Audas, J.W.C.",0.0,1.0,http://www.wikidata.org/entity/Q21505426,James Wales Claredon Audas,Audas,J.W.C.,"Audas, J.W.C.",,94759120,0000 0000 6520 0397,69008,13242-1,Audas,,,1872.0,1959.0,,
166,9507,Hoogland,R.D.,Ruurd Dirk,1024,1951.0,1975.0,"Hoogland, R.D.","Hoogland, R.D.","Hoogland, R.D.",0.0,1.0,http://www.wikidata.org/entity/Q7383565,Ruurd Dirk Hoogland,Hoogland,R.D.,"Hoogland, R.D.",,76996934,0000 0000 5019 6241,18765,4083-1,Hoogland,Q7383565,,1922.0,1994.0,,
170,1609,Betche,E.,Ernst,1016,1865.0,1986.0,"Betche, E.","Betche, E.","Betche, E.",0.0,1.0,http://www.wikidata.org/entity/Q8777414,Ernst Betche,Betche,E.,"Betche, E.",,93250440,0000 0000 6457 8785,2251,740-1,Betche,,P000086b,1851.0,1913.0,,
3,21883,Willis,J.H.,James,20637,1885.0,1996.0,"Willis, J.H.","Willis, J.H.","Willis, J.H.",0.0,2.0,http://www.wikidata.org/entity/Q6135471,James Hamlyn Willis,Willis,J.H.,"Willis, J.H.",,75240843,0000 0001 0989 0124,33214,11720-1,J.H.Willis,,P000902b,1910.0,1995.0,,
4,21883,Willis,J.H.,James,20637,1885.0,1996.0,"Willis, J.H.","Willis, J.H.","Willis, J.H.",0.0,2.0,http://www.wikidata.org/entity/Q47128902,John H. Willis,Willis,J.H.,"Willis, J.H.",,,,,20012709-2,John H.Willis,,,,,,
7,19040,Stajsic,V.,Val,10865,1988.0,2020.0,"Stajsic, V.","Stajsic, V.","Stajsic, V.",0.0,2.0,http://www.wikidata.org/entity/Q26714177,V. Stajsic,Stajsic,V.,"Stajsic, V.",,,,,39262-1,Stajsic,,,,,,
8,19040,Stajsic,V.,Val,10865,1988.0,2020.0,"Stajsic, V.","Stajsic, V.","Stajsic, V.",0.0,2.0,http://www.wikidata.org/entity/Q21395366,Val Stajsic,Stajsic,V.,"Stajsic, V.",,,,,,,,,,,,
12,19415,Stuart,C.,Charles,7342,1844.0,1886.0,"Stuart, C.","Stuart, C.","Stuart, C.",0.0,2.0,http://www.wikidata.org/entity/Q21609965,Charles Stuart,Stuart,C.,"Stuart, C.",,,,25086,20006383-1,C.Stuart,,P000807b,1802.0,1877.0,,
13,19415,Stuart,C.,Charles,7342,1844.0,1886.0,"Stuart, C.","Stuart, C.","Stuart, C.",0.0,2.0,http://www.wikidata.org/entity/Q66366782,Chris Stuart,Stuart,C.,"Stuart, C.",,23704078,,,,,,,1950.0,,,
38,13582,Melville,R.,,3443,1934.0,2007.0,"Melville, R.","Melville, R.","Melville, R.",0.0,2.0,http://www.wikidata.org/entity/Q7347619,Robert Melville,Melville,R.,"Melville, R.",,14643244,0000 0000 5237 0258,32481,,,,,1723.0,1809.0,,
39,13582,Melville,R.,,3443,1934.0,2007.0,"Melville, R.","Melville, R.","Melville, R.",0.0,2.0,http://www.wikidata.org/entity/Q7365114,Ronald Melville,Melville,R.,"Melville, R.",,56763961,0000 0000 3390 2837,32483,6340-1,Melville,,,1903.0,1985.0,,
58,18745,Smith,R.V.,,2568,1941.0,2001.0,"Smith, R.V.","Smith, R.V.","Smith, R.V.",0.0,2.0,http://www.wikidata.org/entity/Q21609131,Raymond Vaughan Smith,Smith,R.V.,"Smith, R.V.",,,,,9819-1,R.V.Sm.,,,1923.0,,,
59,18745,Smith,R.V.,,2568,1941.0,2001.0,"Smith, R.V.","Smith, R.V.","Smith, R.V.",0.0,2.0,http://www.wikidata.org/entity/Q21387929,Raymond Vaughan Smith,Smith,R.V.,"Smith, R.V.",,,,,,,,,1923.0,,,
77,1,Klazenga,N.,Niels,2139,1997.0,2018.0,"Klazenga, N.","Klazenga, N.","Klazenga, N.",0.0,2.0,http://www.wikidata.org/entity/Q21517582,Niels Klazenga,Klazenga,N.,"Klazenga, N.",0000-0003-2224-6821,228151588,0000 0003 6337 2939,90456,20015939-1,Klazenga,0000-0003-2224-6821,,1969.0,,,
78,1,Klazenga,N.,Niels,2139,1997.0,2018.0,"Klazenga, N.","Klazenga, N.","Klazenga, N.",0.0,2.0,http://www.wikidata.org/entity/Q21387891,N. Klazenga,Klazenga,N.,"Klazenga, N.",,,,,,,,,,,,
84,18665,Smith,B.H.,Basil,1965,1980.0,2005.0,"Smith, B.H.","Smith, B.H.","Smith, B.H.",0.0,2.0,http://www.wikidata.org/entity/Q21609071,Benjamin Hayes Smith,Smith,B.H.,"Smith, B.H.",,,,30285.0,9775-1,B.H.Sm.,,,1841.0,1918.0,,
85,18665,Smith,B.H.,Basil,1965,1980.0,2005.0,"Smith, B.H.","Smith, B.H.","Smith, B.H.",0.0,2.0,http://www.wikidata.org/entity/Q21609070,Benjamin Harrison Smith,Smith,B.H.,"Smith, B.H.",,,,,30445-1,B.Harr.Sm.,,,1892.0,,,
86,6744,Forrest,J.,,1952,1818.0,1890.0,"Forrest, J.","Forrest, J.","Forrest, J.",0.0,2.0,http://www.wikidata.org/entity/Q58096102,Jessica Forrest,Forrest,J.,"Forrest, J.",0000-0002-5273-9339,160797679,,,,,,,,,,
87,6744,Forrest,J.,,1952,1818.0,1890.0,"Forrest, J.","Forrest, J.","Forrest, J.",0.0,2.0,http://www.wikidata.org/entity/Q921617,John Forrest,Forrest,J.,"Forrest, J.",,64786403,0000 0000 8389 3342,,,,,P000048b,1847.0,1918.0,,
126,13829,Milne,J.,Josephine,1282,1993.0,2018.0,"Milne, J.","Milne, J.","Milne, J.",0.0,2.0,http://www.wikidata.org/entity/Q2739759,John Milne,Milne,J.,"Milne, J.",,5712308,0000 0000 8195 0104,,,,,,1850.0,1913.0,,
127,13829,Milne,J.,Josephine,1282,1993.0,2018.0,"Milne, J.","Milne, J.","Milne, J.",0.0,2.0,http://www.wikidata.org/entity/Q21521526,Josephine Milne,Milne,J.,"Milne, J.",,,,,20025280-1,J.Milne,,,1957.0,,,
147,7114,Galbraith,J.,Jean,1144,1922.0,1992.0,"Galbraith, J.","Galbraith, J.","Galbraith, J.",0.0,2.0,http://www.wikidata.org/entity/Q22104316,John Galbraith,Galbraith,J.,"Galbraith, J.",,,,,,,,,,,,
148,7114,Galbraith,J.,Jean,1144,1922.0,1992.0,"Galbraith, J.","Galbraith, J.","Galbraith, J.",0.0,2.0,http://www.wikidata.org/entity/Q16014376,Jean Galbraith,Galbraith,J.,"Galbraith, J.",,282365075,,,,,,P001975b,1906.0,1999.0,,
173,7835,Gray,B.,,1001,1956.0,2011.0,"Gray, B.","Gray, B.","Gray, B.",0.0,2.0,http://www.wikidata.org/entity/Q52483753,Bessie Gray,Gray,B.,"Gray, B.",,63146936678413781031,,,,,,,1854.0,1925.0,,
174,7835,Gray,B.,,1001,1956.0,2011.0,"Gray, B.","Gray, B.","Gray, B.",0.0,2.0,http://www.wikidata.org/entity/Q13415750,Bruce Gray,Gray,B.,"Gray, B.",,16639496,,,3353-1,B.Gray,,,1939.0,,,
63,2564,Brown,R.,Robert,2504,1801.0,1982.0,"Brown, R.","Brown, R.","Brown, R.",0.0,5.0,http://www.wikidata.org/entity/Q155764,Robert Brown,Brown,R.,"Brown, R.",,34572082,0000 0000 8113 5572,38122.0,1192-1,R.Br.,Q155764,P000270b,1773.0,1858.0,,
64,2564,Brown,R.,Robert,2504,1801.0,1982.0,"Brown, R.","Brown, R.","Brown, R.",0.0,5.0,http://www.wikidata.org/entity/Q4269338,Robert Brown,Brown,R.,"Brown, R.",,27283813,0000 0001 0882 3739,81333.0,1193-1,R.Br.ter,,,1842.0,1895.0,,
65,2564,Brown,R.,Robert,2504,1801.0,1982.0,"Brown, R.","Brown, R.","Brown, R.",0.0,5.0,http://www.wikidata.org/entity/Q7342406,Robert Brown,Brown,R.,"Brown, R.",,8838901,0000 0000 8195 915X,,,,,,1757.0,1831.0,,
66,2564,Brown,R.,Robert,2504,1801.0,1982.0,"Brown, R.","Brown, R.","Brown, R.",0.0,5.0,http://www.wikidata.org/entity/Q7342412,Robert Brown,Brown,R.,"Brown, R.",,,,,1194-1,R.Br.bis,,,1820.0,1906.0,,
67,2564,Brown,R.,Robert,2504,1801.0,1982.0,"Brown, R.","Brown, R.","Brown, R.",0.0,5.0,http://www.wikidata.org/entity/Q21337638,Roselyn Brown,Brown,R.,"Brown, R.",,,,,,,,,,,,
102,11064,Koch,M.,Maxwell,1595,1882.0,1928.0,"Koch, M.","Koch, M.","Koch, M.",0.0,5.0,http://www.wikidata.org/entity/Q1417855,Manfred Koch,Koch,M.,"Koch, M.",,84342062,,,,,,,1901.0,1972.0,,
103,11064,Koch,M.,Maxwell,1595,1882.0,1928.0,"Koch, M.","Koch, M.","Koch, M.",0.0,5.0,http://www.wikidata.org/entity/Q13607931,Max Koch,Koch,M.,"Koch, M.",,213149106269868492334,,14659,20000001-2,Max Koch,,,1854.0,1925.0,,
104,11064,Koch,M.,Maxwell,1595,1882.0,1928.0,"Koch, M.","Koch, M.","Koch, M.",0.0,5.0,http://www.wikidata.org/entity/Q21389766,Milan Koch,Koch,M.,"Koch, M.",,,,,,,,,,,,
105,11064,Koch,M.,Maxwell,1595,1882.0,1928.0,"Koch, M.","Koch, M.","Koch, M.",0.0,5.0,http://www.wikidata.org/entity/Q50395475,Markus Koch,Koch,M.,"Koch, M.",,,,,,,,,,,,
106,11064,Koch,M.,Maxwell,1595,1882.0,1928.0,"Koch, M.","Koch, M.","Koch, M.",0.0,5.0,http://www.wikidata.org/entity/Q21517654,Marcus Koch,Koch,M.,"Koch, M.",0000-0002-1693-6829,7587155044748772520009,,,20031598-1,M.A.Koch,,,1967.0,,,
29,16555,Ratkowsky,D.A.,David,4085,1966.0,2018.0,"Ratkowsky, D.A.","Ratkowsky, D.A.","Ratkowsky, D.(.).",0.33,1.0,http://www.wikidata.org/entity/Q88847216,David (A.) Ratkowsky,Ratkowsky,D.(.).,"Ratkowsky, D.(.).",,,,,20039130-1,Ratkowsky,,,,,,
142,5716,Dunlop,C.R.,,1169,1968.0,2000.0,"Dunlop, C.R.","Dunlop, C.R.","Dunlop, C.",0.35,1.0,http://www.wikidata.org/entity/Q13420116,Clyde Dunlop,Dunlop,C.,"Dunlop, C.",,279666372,,69477,13280-1,Dunlop,,P005245b,1946.0,,,
69,18544,Sinkora,D.,,2477,1969.0,1993.0,"Sinkora, D.","Sinkora, D.","Sinkora, D.M.",0.41,1.0,http://www.wikidata.org/entity/Q21608980,Doris Martha Sinkora,Sinkora,D.M.,"Sinkora, D.M.",,,,,30424-1,Sinkora,,,1927.0,,,
95,13285,McHard,M.,Mary,1777,1847.0,1895.0,"McHard, M.","McHard, M.","McHard, M.A.",0.41,1.0,http://www.wikidata.org/entity/Q67954831,Mary Ann McHard,McHard,M.A.,"McHard, M.A.",,,,,,,,P006109b,1825.0,1912.0,,
149,11639,LeBreton,C.,,1140,1975.0,1991.0,"LeBreton, C.","LeBreton, C.","LeBreton, M.",0.41,1.0,http://www.wikidata.org/entity/Q21341238,Matthew LeBreton,LeBreton,M.,"LeBreton, M.",,,,,,,,,,,,
153,7345,George,A.S.,Alex,1108,1957.0,2017.0,"George, A.S.","George, A.S.","George, A.",0.41,1.0,http://www.wikidata.org/entity/Q2702267,Alex George,George,A.,"George, A.",,121789273,0000 0001 0803 529X,,3090-1,A.S.George,,,1939.0,,,
144,18908,Specht,R.L.,,1158,1948.0,1989.0,"Specht, R.L.","Specht, R.L.","Specht, R.",0.42,1.0,http://www.wikidata.org/entity/Q3277170,Raymond Specht,Specht,R.,"Specht, R.",,27126714,0000 0001 0881 7822,,9954-1,Specht,,P001449b,1924.0,,,
54,16991,Robbins,F.,,2697,1925.0,1985.0,"Robbins, F.","Robbins, F.","Robbins, J.",0.45,1.0,http://www.wikidata.org/entity/Q55071951,John Robbins,Robbins,J.,"Robbins, J.",,,,,,,,,1927.0,2004.0,,
60,4492,Craven,L.A.,Lyn,2564,1962.0,2008.0,"Craven, L.A.","Craven, L.A.","Craven, L.",0.46,1.0,http://www.wikidata.org/entity/Q6708677,Lyndley Craven,Craven,L.,"Craven, L.",,309880400,,93179,12457-1,Craven,,P005723b,1945.0,2014.0,,
109,21268,Webb,W.,,1579,1879.0,1896.0,"Webb, W.","Webb, W.","Webb, W.F.",0.47,1.0,http://www.wikidata.org/entity/Q7964883,Walter Freeman Webb,Webb,W.F.,"Webb, W.F.",,18733735,0000 0000 8010 4643,,,,,,1869.0,1957.0,,
132,16719,Reid,J.C.,John,1250,1974.0,2011.0,"Reid, J.C.","Reid, J.C.","Reid, J.",0.47,2.0,http://www.wikidata.org/entity/Q22109480,James Reid,Reid,J.,"Reid, J.",,,,,,,,,,,,
133,16719,Reid,J.C.,John,1250,1974.0,2011.0,"Reid, J.C.","Reid, J.C.","Reid, J.",0.47,2.0,http://www.wikidata.org/entity/Q47125085,James Reid,Reid,J.,"Reid, J.",,,,,25480-1,J.Reid,,,,,,
43,16621,Reader,F.M.,Felix Maximilian,3371,1854.0,1996.0,"Reader, F.M.","Reader, F.M.","Reader, F.",0.48,1.0,http://www.wikidata.org/entity/Q5442312,Felix Reader,Reader,F.,"Reader, F.",,,,45078.0,8205-1,Reader,,,1850.0,1911.0,,
71,18408,Sieber,F.W.,Franz Wilhelm,2428,1811.0,1923.0,"Sieber, F.W.","Sieber, F.W.","Sieber, F.",0.48,1.0,http://www.wikidata.org/entity/Q78907,Franz Sieber,Sieber,F.,"Sieber, F.",,22916664,0000 0001 2209 4341,1684.0,9612-1,Sieber,,,1789.0,1844.0,,
89,6710,Foreman,D.B.,Don,1929,1972.0,2003.0,"Foreman, D.B.","Foreman, D.B.","Foreman, D.",0.48,1.0,http://www.wikidata.org/entity/Q18984668,Donald Foreman,Foreman,D.,"Foreman, D.",,91467425,0000 0000 6782 9631,49657,2823-1,Foreman,,,1945.0,2004.0,,
18,1796,Black,R.A.,Raleigh,6142,1900.0,1953.0,"Black, R.A.","Black, R.A.","Black, R.",0.48,2.0,http://www.wikidata.org/entity/Q7342125,Robert Black,Black,R.,"Black, R.",,24174097,0000 0000 4317 8336,,,,,,1829.0,1915.0,,
19,1796,Black,R.A.,Raleigh,6142,1900.0,1953.0,"Black, R.A.","Black, R.A.","Black, R.",0.48,2.0,http://www.wikidata.org/entity/Q7286889,Raleigh Black,Black,R.,"Black, R.",,,,22318,829-1,R.A.Black,,P005180b,1880.0,1963.0,,
125,4506,Crawford,I.,,1287,1985.0,2012.0,"Crawford, I.","Crawford, I.","Crawford, J.",0.5,1.0,http://www.wikidata.org/entity/Q6227536,John Crawford,Crawford,J.,"Crawford, J.",,32129520,0000 0001 2126 8426,,,,,P003463b,1910.0,1984.0,,
168,12858,Maslin,B.R.,Bruce,1018,1910.0,2013.0,"Maslin, B.R.","Maslin, B.R.","Maslin, B.",0.5,1.0,http://www.wikidata.org/entity/Q2926444,Bruce Maslin,Maslin,B.,"Maslin, B.",,94978723,0000 0000 6608 3807,5215.0,6190-1,Maslin,,P005560b,1946.0,,,
46,4419,Cowie,I.D.,Ian,3135,1981.0,2018.0,"Cowie, I.D.","Cowie, I.D.","Cowie, I.",0.5,2.0,http://www.wikidata.org/entity/Q6076172,Isaac Cowie,Cowie,I.,"Cowie, I.",,104503637,0000 0000 7897 3559,,,,,,1848.0,1917.0,,
47,4419,Cowie,I.D.,Ian,3135,1981.0,2018.0,"Cowie, I.D.","Cowie, I.D.","Cowie, I.",0.5,2.0,http://www.wikidata.org/entity/Q18983983,Ian Cowie,Cowie,I.,"Cowie, I.",,,,,36613-1,Cowie,,,,,,
35,18385,Short,P.S.,Phillip,3469,1971.0,2011.0,"Short, P.S.","Short, P.S.","Short, P.",0.51,1.0,http://www.wikidata.org/entity/Q5814766,Philip Short,Short,P.,"Short, P.",,,,,14568-1,P.S.Short,,,1955.0,,,
131,19876,Thiele,K.R.,Kevin,1262,1973.0,2018.0,"Thiele, K.R.","Thiele, K.R.","Thiele, K.",0.51,1.0,http://www.wikidata.org/entity/Q547084,Kevin Thiele,Thiele,K.,"Thiele, K.",0000-0002-6658-6636,,,,27657-1,K.R.Thiele,0000-0002-6658-6636,,1959.0,,,
107,465,Archer,W.R.,William Richard,1591,1978.0,2013.0,"Archer, W.R.","Archer, W.R.","Archer, W.",0.52,2.0,http://www.wikidata.org/entity/Q10426833,William Archer,Archer,W.,"Archer, W.",,80807018,0000 0000 5618 1569,,254-1,W.Archer,,,1830.0,1897.0,,
108,465,Archer,W.R.,William Richard,1591,1978.0,2013.0,"Archer, W.R.","Archer, W.R.","Archer, W.",0.52,2.0,http://www.wikidata.org/entity/Q5560171,William Archer,Archer,W.,"Archer, W.",,126582709,,83524.0,35392-1,W.Archer bis,,P000023b,1820.0,1874.0,,
45,1257,Bean,A.R.,Tony,3270,1966.0,2017.0,"Bean, A.R.","Bean, A.R.","Bean, A.",0.54,1.0,http://www.wikidata.org/entity/Q4772089,Anthony Bean,Bean,A.,"Bean, A.",,,,29229.0,35385-1,A.R.Bean,,P005122b,1957.0,,,
167,16619,Reader,E.,,1020,1838.0,1894.0,"Reader, E.","Reader, E.","Reader, F.",0.54,1.0,http://www.wikidata.org/entity/Q5442312,Felix Reader,Reader,F.,"Reader, F.",,,,45078.0,8205-1,Reader,,,1850.0,1911.0,,
30,16191,Preiss,J.A.L.,,3918,1838.0,1870.0,"Preiss, J.A.L.","Preiss, J.A.L.","Preiss, J.",0.57,1.0,http://www.wikidata.org/entity/Q55071172,Julius Preiss,Preiss,J.,"Preiss, J.",,,,,,,,,1885.0,1953.0,,
112,11873,Lewis,S.H.,Simon,1518,1971.0,2003.0,"Lewis, S.H.","Lewis, S.H.","Lewis, S.M.",0.57,2.0,http://www.wikidata.org/entity/Q1261231,Sam M. Lewis,Lewis,S.M.,"Lewis, S.M.",,2030786,0000 0000 7358 5530,,,,,,1885.0,1959.0,,
113,11873,Lewis,S.H.,Simon,1518,1971.0,2003.0,"Lewis, S.H.","Lewis, S.H.","Lewis, S.M.",0.57,2.0,http://www.wikidata.org/entity/Q47121129,Sara M. Lewis,Lewis,S.M.,"Lewis, S.M.",,,,,33273-1,S.M.Lewis,,,,,,
161,22177,Woolcock,C.E.,,1073,1968.0,1989.0,"Woolcock, C.E.","Woolcock, C.E.","Woolcock, A.",0.58,1.0,http://www.wikidata.org/entity/Q17711341,Ann Woolcock,Woolcock,A.,"Woolcock, A.",,48202671,0000 0000 6482 478X,,,,,P002777b,1937.0,2001.0,,
70,453,Archer,B.,Barbara,2464,1979.0,2005.0,"Archer, B.","Archer, B.","Archer, M.",0.59,1.0,http://www.wikidata.org/entity/Q957612,Mike Archer,Archer,M.,"Archer, M.",0000-0002-0304-4039,35146635430341981061,0000 0001 1084 2971,,,,,P001955b,1945.0,,,
117,17455,Rupp,H.M.R.,,1405,1882.0,1944.0,"Rupp, H.M.R.","Rupp, H.M.R.","Rupp, H.",0.59,2.0,http://www.wikidata.org/entity/Q3281684,Herman Rupp,Rupp,H.,"Rupp, H.",,11521179,0000 0001 1946 5973,2217.0,8744-1,Rupp,,P000763b,1872.0,1956.0,,
118,17455,Rupp,H.M.R.,,1405,1882.0,1944.0,"Rupp, H.M.R.","Rupp, H.M.R.","Rupp, H.",0.59,2.0,http://www.wikidata.org/entity/Q45738980,Hans Rupp,Rupp,H.,"Rupp, H.",,,,,,,,,,1979.0,,
76,4125,Conn,B.J.,Barry,2186,1970.0,2014.0,"Conn, B.J.","Conn, B.J.","Conn, B.",0.6,1.0,http://www.wikidata.org/entity/Q21340328,Barry Conn,Conn,B.,"Conn, B.",0000-0001-9832-3809,91424478,,,13263-1,B.J.Conn,,,1948.0,,,
171,8823,Healey,K.,,1014,1953.0,1963.0,"Healey, K.","Healey, K.","Healey, M.",0.61,1.0,http://www.wikidata.org/entity/Q73144107,Maud Healey,Healey,M.,"Healey, M.",,,,,,,,,,,,
27,602,Aston,H.I.,Helen,4274,1951.0,2000.0,"Aston, H.I.","Aston, H.I.","Aston, H.",0.62,1.0,http://www.wikidata.org/entity/Q21393448,Helen Aston,Aston,H.,"Aston, H.",,45910872,0000 0000 3357 188X,73165.0,13241-1,Aston,,,1934.0,,,
62,11719,Leichhardt,F.W.L.,,2518,1842.0,1848.0,"Leichhardt, F.W.L.","Leichhardt, F.W.L.","Leichhardt, L.",0.63,1.0,http://www.wikidata.org/entity/Q57763,Ludwig Leichhardt,Leichhardt,L.,"Leichhardt, L.",,19812603,0000 0000 8098 9904,70138.0,5440-1,Leichh.,,P000570b,1813.0,1848.0,,
158,8455,Hansen,N.A.,,1082,1924.0,1965.0,"Hansen, N.A.","Hansen, N.A.","Hansen, N.E.",0.63,1.0,http://www.wikidata.org/entity/Q7031479,Niels Ebbesen Hansen,Hansen,N.E.,"Hansen, N.E.",,43853698,0000 0000 3847 1415,77292.0,3633-1,N.E.Hansen,,,1866.0,1950.0,,
136,5687,Duncan,B.D.,Betty Dallas,1206,1972.0,1997.0,"Duncan, B.D.","Duncan, B.D.","Duncan, J.",0.63,3.0,http://www.wikidata.org/entity/Q6132932,James Duncan,Duncan,J.,"Duncan, J.",,13824594,0000 0001 0978 1411,,,,,,1804.0,1861.0,,
137,5687,Duncan,B.D.,Betty Dallas,1206,1972.0,1997.0,"Duncan, B.D.","Duncan, B.D.","Duncan, J.",0.63,3.0,http://www.wikidata.org/entity/Q6230346,John Duncan,Duncan,J.,"Duncan, J.",,,,35997,,,,,1794.0,1881.0,,
138,5687,Duncan,B.D.,Betty Dallas,1206,1972.0,1997.0,"Duncan, B.D.","Duncan, B.D.","Duncan, J.",0.63,3.0,http://www.wikidata.org/entity/Q21511053,James Duncan,Duncan,J.,"Duncan, J.",,67203561,0000 0000 5188 2622,27652,13964-1,Duncan,,,1802.0,1876.0,,
90,16486,Ralston,K.,,1902,1990.0,2007.0,"Ralston, K.","Ralston, K.","Ralston, B.E.",0.65,1.0,http://www.wikidata.org/entity/Q14949164,Barbara E. Ralston,Ralston,B.E.,"Ralston, B.E.",0000-0001-9991-8994,,,46171,14907-1,Ralston,,,,,,
140,3933,Cochrane,A.C.,Alexander,1186,1998.0,2000.0,"Cochrane, A.C.","Cochrane, A.C.","Cochrane, S.A.",0.67,1.0,http://www.wikidata.org/entity/Q36674192,Susan A. Cochrane,Cochrane,S.A.,"Cochrane, S.A.",,,,,36607-1,S.Cochrane,,,,,,
159,6219,Ewers,W.H.,,1080,1958.0,1990.0,"Ewers, W.H.","Ewers, W.H.","Ewers, R.",0.67,1.0,http://www.wikidata.org/entity/Q22105577,R. Ewers,Ewers,R.,"Ewers, R.",,,,,,,,,,,,
155,15174,Orchard,A.E.,Tony,1101,1968.0,2010.0,"Orchard, A.E.","Orchard, A.E.","Orchard, T.",0.68,1.0,http://www.wikidata.org/entity/Q5696944,Tony Orchard,Orchard,T.,"Orchard, T.",,54431056,0000 0001 1472 8754,46649.0,7159-1,Orchard,,,1946.0,,,
150,826,Baker,W.R.A.,,1139,1868.0,1989.0,"Baker, W.R.A.","Baker, W.R.A.","Baker, W.",0.69,1.0,http://www.wikidata.org/entity/Q27926913,William Baker,Baker,W.,"Baker, W.",,24378115,,,,,,P001594b,1864.0,1929.0,,
162,4592,Cronin,M.,,1070,1887.0,1982.0,"Cronin, M.","Cronin, M.","Cronin, T.M.",0.72,1.0,http://www.wikidata.org/entity/Q21518049,Thomas M. Cronin,Cronin,T.M.,"Cronin, T.M.",,,,,,,,,,,,
156,18202,Sewell,J.,Julia,1087,1882.0,1906.0,"Sewell, J.","Sewell, J.","Sewel, W.",0.74,1.0,http://www.wikidata.org/entity/Q2741574,William Sewel,Sewel,W.,"Sewel, W.",,71458237,0000 0001 1769 4596,,,,,,1653.0,1720.0,,
172,19882,Thies,A.W.,Arthur,1002,1978.0,1998.0,"Thies, A.W.","Thies, A.W.","Thies, D.",0.74,1.0,http://www.wikidata.org/entity/Q21395266,Detlev Thies,Thies,D.,"Thies, D.",,,,,,,,,,,,
14,14329,Muir,T.B.,,7191,1879.0,1986.0,"Muir, T.B.","Muir, T.B.","Muir, J.",0.74,2.0,http://www.wikidata.org/entity/Q379580,John Muir,Muir,J.,"Muir, J.",,68933311,0000 0001 2137 9847,24268.0,6757-1,J.Muir,Q379580,,1838.0,1914.0,,
15,14329,Muir,T.B.,,7191,1879.0,1986.0,"Muir, T.B.","Muir, T.B.","Muir, J.",0.74,2.0,http://www.wikidata.org/entity/Q1701160,John Muir,Muir,J.,"Muir, J.",,25755593,0000 0000 4321 0842,,20009120-1,John Muir,Q1701160,,1874.0,1947.0,,
68,3774,Clarke,I.C.,Ian,2491,1975.0,2017.0,"Clarke, I.C.","Clarke, I.C.","Clarke, J.",0.77,1.0,http://www.wikidata.org/entity/Q11728948,Julia Clarke,Clarke,J.,"Clarke, J.",,,,,,,,,,,,
93,10391,Johnson,Stephen,,1795,1876.0,1899.0,"Johnson, Stephen","Johnson, Stephen","Stephenson, S.L.",0.78,1.0,http://www.wikidata.org/entity/Q21609793,Steven L. Stephenson,Stephenson,S.L.,"Stephenson, S.L.",0000-0002-9207-8037,,,,27192-1,S.L.Stephenson,,,1943.0,,,
154,18552,Sinnott,N.H.,Nigel,1104,1944.0,2015.0,"Sinnott, N.H.","Sinnott, N.H.","Sinnott, E.W.",0.8,1.0,http://www.wikidata.org/entity/Q5339904,Edmund Ware Sinnott,Sinnott,E.W.,"Sinnott, E.W.",,34832741,0000 0000 8114 1745,23132.0,9699-1,Sinnott,,,1888.0,1968.0,,
23,2473,Brooker,M.I.H.,,4966,1938.0,2006.0,"Brooker, M.I.H.","Brooker, M.I.H.","Brooker, I.",0.82,1.0,http://www.wikidata.org/entity/Q2601921,Ian Brooker,Brooker,I.,"Brooker, I.",,75943659,0000 0000 6406 1129,35287.0,1174-1,Brooker,Q2601921,P005127b,1934.0,2016.0,,
96,17766,Sayer,W.A.,,1730,1877.0,1898.0,"Sayer, W.A.","Sayer, W.A.","Sayer, C.D.",0.83,1.0,http://www.wikidata.org/entity/Q25448507,Carl D. Sayer,Sayer,C.D.,"Sayer, C.D.",,,,,,,,,,,,
110,13632,Merrall,E.,Edwin,1561,1807.0,1899.0,"Merrall, E.","Merrall, E.","Grall, E.",0.83,1.0,http://www.wikidata.org/entity/Q23661033,Elena Grall,Grall,E.,"Grall, E.",,,,,,,,,,,,
101,14213,Moscal,A.,,1626,1968.0,2002.0,"Moscal, A.","Moscal, A.","Mosca, L.",0.85,1.0,http://www.wikidata.org/entity/Q47122999,Luigi Mosca,Mosca,L.,"Mosca, L.",,,,,14456-1,L.Mosca,,,,,,
61,15766,Persieh,W.A.,,2551,1877.0,1887.0,"Persieh, W.A.","Persieh, W.A.","Hsieh, W.H.",0.86,1.0,http://www.wikidata.org/entity/Q36701441,Wen Hsui Hsieh,Hsieh,W.H.,"Hsieh, W.H.",,,,,20548-1,W.H.Hsieh,,,,,,
145,6960,French Jnr,C.H.,,1156,1866.0,1944.0,"French Jnr, C.H.","French Jnr, C.H.","French, C.H.",0.86,1.0,http://www.wikidata.org/entity/Q24170551,Charles Hamilton French,French,C.H.,"French, C.H.",,,,,,,,P000425b,1868.0,1950.0,,
40,743,Bäuerlen,W.,William,3434,1880.0,1910.0,"Bäuerlen, W.","Bäuerlen, W.","Baeuerlen, W.",0.89,1.0,http://www.wikidata.org/entity/Q62088127,William Baeuerlen,Baeuerlen,W.,"Baeuerlen, W.",,,,27830,,,,P002095b,1840.0,1893.0,,
48,3185,Cann,H.J.,,3106,1952.0,1974.0,"Cann, H.J.","Cann, H.J.","Conn, H.J.",0.9,1.0,http://www.wikidata.org/entity/Q21508943,Harold Joel Conn,Conn,H.J.,"Conn, H.J.",,,,61842,17375-1,H.J.Conn,,,1886.0,1952.0,,
1,14283,Mueller,F. ,Ferdinand Jacob Heinrich,25429,1812.0,1895.0,"Mueller, F. ",,,,,,,,,,,,,,,,,,,,,
9,21564,Whinray,J.S.,John,10631,1958.0,2017.0,"Whinray, J.S.",,,,,,,,,,,,,,,,,,,,,
21,18470,Simmons,M.H.,,5900,1944.0,2005.0,"Simmons, M.H.",,,,,,,,,,,,,,,,,,,,,
22,18465,Simmons,J.G.,,5845,1944.0,2005.0,"Simmons, J.G.",,,,,,,,,,,,,,,,,,,,,
24,19007,St John,P.R.H.,,4402,1881.0,1999.0,"St John, P.R.H.",,,,,,,,,,,,,,,,,,,,,
25,3598,Chesterfield,E.A.,Evan,4350,1970.0,2002.0,"Chesterfield, E.A.",,,,,,,,,,,,,,,,,,,,,
28,15121,Oldfield,A.F.,,4108,1850.0,1862.0,"Oldfield, A.F.",,,,,,,,,,,,,,,,,,,,,
33,22193,Woolls,W.,William,3654,1823.0,1921.0,"Woolls, W.",,,,,,,,,,,,,,,,,,,,,
36,13004,Maxwell,G.,George,3460,1840.0,1978.0,"Maxwell, G.",,,,,,,,,,,,,,,,,,,,,
49,4400,Coveny,R.G.,,3070,1953.0,2013.0,"Coveny, R.G.",,,,,,,,,,,,,,,,,,,,,
72,22407,Zeyher,C.L.P.,,2276,1822.0,1895.0,"Zeyher, C.L.P.",,,,,,,,,,,,,,,,,,,,,
75,2189,Bowman,E.M.,,2200,1859.0,1873.0,"Bowman, E.M.",,,,,,,,,,,,,,,,,,,,,
80,6548,Fitzalan,E.F.A.,Eugene Fitzherbaert Albini,2059,1855.0,1974.0,"Fitzalan, E.F.A.",,,,,,,,,,,,,,,,,,,,,
81,10624,Karunajeewa,N.G.,Nimal,2052,2002.0,2020.0,"Karunajeewa, N.G.",,,,,,,,,,,,,,,,,,,,,
83,5867,Ecklon,C.F.,Christian,1995,1817.0,1870.0,"Ecklon, C.F.",,,,,,,,,,,,,,,,,,,,,
100,493,Armit,W.E. de M.,William Edington de Margrat,1654,1802.0,1898.0,"Armit, W.E. de M.",,,,,,,,,,,,,,,,,,,,,
111,20003,Thozet,A.,Anthelme,1522,1866.0,1881.0,"Thozet, A.",,,,,,,,,,,,,,,,,,,,,
115,19624,Tadgell,A.J.,,1425,1886.0,1966.0,"Tadgell, A.J.",,,,,,,,,,,,,,,,,,,,,
124,20156,Tonkin,J.E.,Jenny,1289,1994.0,2006.0,"Tonkin, J.E.",,,,,,,,,,,,,,,,,,,,,
128,1176,Batianoff,G.N.,,1278,1955.0,2007.0,"Batianoff, G.N.",,,,,,,,,,,,,,,,,,,,,
139,6349,Fawcett,H.C.,,1203,1867.0,1887.0,"Fawcett, H.C.",,,,,,,,,,,,,,,,,,,,,
143,14036,Moore,C.,Charles ,1166,1845.0,1986.0,"Moore, C.",,,,,,,,,,,,,,,,,,,,,
151,7041,Fullagar,J.P.,James,1121,1860.0,1877.0,"Fullagar, J.P.",,,,,,,,,,,,,,,,,,,,,
163,2729,Bufton,J.,,1061,1853.0,1898.0,"Bufton, J.",,,,,,,,,,,,,,,,,,,,,
164,9524,Hooker,J.D.,Joseph Dalton,1046,1830.0,1902.0,"Hooker, J.D.",,,,,,,,,,,,,,,,,,,,,
165,21755,Wilhelmi,J.F.C.,,1035,1847.0,1887.0,"Wilhelmi, J.F.C.",,,,,,,,,,,,,,,,,,,,,
169,8624,Hartmann,C.H.,Carl,1017,1856.0,1889.0,"Hartmann, C.H.",,,,,,,,,,,,,,,,,,,,,
