,family_name,initials_x,given_names,name,num_det,left_side,right_side,similarity,dup_count,item,itemLabel,surname,initials_y,canonical_string,orcid,viaf,isni,harv,ipni,abbr,bloodhound_id,enc_au_sc_id,au_dict_bio,yob,yod,wyb,wye,wikidata_link,orcid_link,harv_link,ipni_link,bloodhound_link,enc_au_sc_link,au_dict_bio_link
0,Jeanes,J.A.,Jeff,"Jeanes, J.A.",34366,"Jeanes, J.A.","Jeanes, J.A.",1.0,1.0,http://www.wikidata.org/entity/Q21395685,Jeffrey A. Jeanes,Jeanes,J.A.,"Jeanes, J.A.",,,,41963,39451-1,Jeanes,,,,,,,,http://www.wikidata.org/wiki/Q21395685,,https://kiki.huh.harvard.edu/databases/botanist_search.php?mode=details&id=41963,https://www.ipni.org/a/39451-1,,,
3,Beauglehole,A.C.,,"Beauglehole, A.C.",22342,"Beauglehole, A.C.","Beauglehole, A.C.",1.0,1.0,http://www.wikidata.org/entity/Q16744919,Alexander Clifford Beauglehole,Beauglehole,A.C.,"Beauglehole, A.C.",,,,,,,Q16744919,P000214b,,1920.0,2002.0,,,http://www.wikidata.org/wiki/Q16744919,,,,https://bloodhound-tracker.net/Q16744919,http://www.eoas.info/biogs/P000214b,
5,Walsh,N.G.,Neville,"Walsh, N.G.",21075,"Walsh, N.G.","Walsh, N.G.",1.0,1.0,http://www.wikidata.org/entity/Q6041421,Neville Grant Walsh,Walsh,N.G.,"Walsh, N.G.",,18877199,0000 0000 6385 4733,,14171-1,N.G.Walsh,,P005329b,,1956.0,,,,http://www.wikidata.org/wiki/Q6041421,,,https://www.ipni.org/a/14171-1,,http://www.eoas.info/biogs/P005329b,
13,Thompson,I.R.,Ian,"Thompson, I.R.",8460,"Thompson, I.R.","Thompson, I.R.",1.0,1.0,http://www.wikidata.org/entity/Q21516217,Ian R. Thompson,Thompson,I.R.,"Thompson, I.R.",,,,,37433-1,I.Thomps.,,,,1958.0,,,,http://www.wikidata.org/wiki/Q21516217,,,https://www.ipni.org/a/37433-1,,,
21,Womersley,H.B.S.,,"Womersley, H.B.S.",5140,"Womersley, H.B.S.","Womersley, H.B.S.",1.0,1.0,http://www.wikidata.org/entity/Q21338083,Hugh Brian Spencer Womersley,Womersley,H.B.S.,"Womersley, H.B.S.",,119086888,0000 0000 8334 2006,70040.0,31820-1,Womersley,,P003504b,,1922.0,2011.0,,,http://www.wikidata.org/wiki/Q21338083,,https://kiki.huh.harvard.edu/databases/botanist_search.php?mode=details&id=70040,https://www.ipni.org/a/31820-1,,http://www.eoas.info/biogs/P003504b,
22,Entwisle,T.J.,Tim,"Entwisle, T.J.",5034,"Entwisle, T.J.","Entwisle, T.J.",1.0,1.0,http://www.wikidata.org/entity/Q21512240,Timothy John Entwisle,Entwisle,T.J.,"Entwisle, T.J.",,93619302,0000 0000 7739 0319,66259.0,14571-1,Entwisle,,,,1960.0,,,,http://www.wikidata.org/wiki/Q21512240,,https://kiki.huh.harvard.edu/databases/botanist_search.php?mode=details&id=66259,https://www.ipni.org/a/14571-1,,,
23,Jones,D.L.,David Lloyd,"Jones, D.L.",4908,"Jones, D.L.","Jones, D.L.",1.0,1.0,http://www.wikidata.org/entity/Q1175070,David Lloyd Jones,Jones,D.L.,"Jones, D.L.",,34558570,0000 0001 1053 0310,17797.0,4531-1,D.L.Jones,,,,1944.0,,,,http://www.wikidata.org/wiki/Q1175070,,https://kiki.huh.harvard.edu/databases/botanist_search.php?mode=details&id=17797,https://www.ipni.org/a/4531-1,,,
24,Duretto,M.F.,Marco,"Duretto, M.F.",4525,"Duretto, M.F.","Duretto, M.F.",1.0,1.0,http://www.wikidata.org/entity/Q5996322,Marco F. Duretto,Duretto,M.F.,"Duretto, M.F.",,,,63738,37683-1,Duretto,,,,1964.0,,,,http://www.wikidata.org/wiki/Q5996322,,https://kiki.huh.harvard.edu/databases/botanist_search.php?mode=details&id=63738,https://www.ipni.org/a/37683-1,,,
25,Forster,P.I.,Paul Irwin,"Forster, P.I.",4468,"Forster, P.I.","Forster, P.I.",1.0,1.0,http://www.wikidata.org/entity/Q9057027,Paul Irwin Forster,Forster,P.I.,"Forster, P.I.",,,,,18907-1,P.I.Forst.,,,,1961.0,,,,http://www.wikidata.org/wiki/Q9057027,,,https://www.ipni.org/a/18907-1,,,
28,Pedley,L.,Les,"Pedley, L.",4240,"Pedley, L.","Pedley, L.",1.0,1.0,http://www.wikidata.org/entity/Q4347893,Leslie Pedley,Pedley,L.,"Pedley, L.",,36029448,,,7460-1,Pedley,,P001460b,,1930.0,2018.0,,,http://www.wikidata.org/wiki/Q4347893,,,https://www.ipni.org/a/7460-1,,http://www.eoas.info/biogs/P001460b,
29,Stone,I.G.,,"Stone, I.G.",4199,"Stone, I.G.","Stone, I.G.",1.0,1.0,http://www.wikidata.org/entity/Q6000720,Ilma Grace Stone,Stone,I.G.,"Stone, I.G.",,163909337,0000 0001 1247 4965,40174,27255-1,I.G.Stone,,,,1913.0,2001.0,,,http://www.wikidata.org/wiki/Q6000720,,https://kiki.huh.harvard.edu/databases/botanist_search.php?mode=details&id=40174,https://www.ipni.org/a/27255-1,,,
30,Mole,B.J.,Bryan,"Mole, B.J.",4175,"Mole, B.J.","Mole, B.J.",1.0,1.0,http://www.wikidata.org/entity/Q26714521,Bryan J. Mole,Mole,B.J.,"Mole, B.J.",,,,,40352-1,Mole,,,,,,,,http://www.wikidata.org/wiki/Q26714521,,,https://www.ipni.org/a/40352-1,,,
33,Halford,D.A.,,"Halford, D.A.",3641,"Halford, D.A.","Halford, D.A.",1.0,1.0,http://www.wikidata.org/entity/Q15711547,David A. Halford,Halford,D.A.,"Halford, D.A.",,,,77960,35901-1,Halford,,,,,,,,http://www.wikidata.org/wiki/Q15711547,,https://kiki.huh.harvard.edu/databases/botanist_search.php?mode=details&id=77960,https://www.ipni.org/a/35901-1,,,
34,Blake,S.T.,,"Blake, S.T.",3249,"Blake, S.T.","Blake, S.T.",1.0,1.0,http://www.wikidata.org/entity/Q2984580,Stanley Thatcher Blake,Blake,S.T.,"Blake, S.T.",,304022808,0000 0000 6521 9151,13863.0,838-1,S.T.Blake,,P001391b,,1910.0,1973.0,,,http://www.wikidata.org/wiki/Q2984580,,https://kiki.huh.harvard.edu/databases/botanist_search.php?mode=details&id=13863,https://www.ipni.org/a/838-1,,http://www.eoas.info/biogs/P001391b,
35,Simon,B.K.,Bryan,"Simon, B.K.",3236,"Simon, B.K.","Simon, B.K.",1.0,1.0,http://www.wikidata.org/entity/Q5734662,Bryan Kenneth Simon,Simon,B.K.,"Simon, B.K.",,,,9723.0,9666-1,B.K.Simon,,P005520b,,1943.0,2015.0,,,http://www.wikidata.org/wiki/Q5734662,,https://kiki.huh.harvard.edu/databases/botanist_search.php?mode=details&id=9723,https://www.ipni.org/a/9666-1,,http://www.eoas.info/biogs/P005520b,
37,Hosking,J.R.,John,"Hosking, J.R.",3124,"Hosking, J.R.","Hosking, J.R.",1.0,1.0,http://www.wikidata.org/entity/Q21516084,John Robert Hosking,Hosking,J.R.,"Hosking, J.R.",,,,,39283-1,Hosking,,,,1952.0,,,,http://www.wikidata.org/wiki/Q21516084,,,https://www.ipni.org/a/39283-1,,,
42,Barker,R.M.,Robyn,"Barker, R.M.",2863,"Barker, R.M.","Barker, R.M.",1.0,1.0,http://www.wikidata.org/entity/Q21505668,Robyn Mary Barker,Barker,R.M.,"Barker, R.M.",,,,,31325-1,R.M.Barker,,,,1948.0,,,,http://www.wikidata.org/wiki/Q21505668,,,https://www.ipni.org/a/31325-1,,,
43,Thompson,J.,,"Thompson, J.",2831,"Thompson, J.","Thompson, J.(.",1.0,1.0,http://www.wikidata.org/entity/Q24225592,Joseph (Joe) Thompson,Thompson,J.(.,"Thompson, J.(.",,,,,,,,,thompson-joseph-joe-4713,1838.0,1909.0,,,http://www.wikidata.org/wiki/Q24225592,,,,,,http://adb.anu.edu.au/biography/thompson-joseph-joe-4713
45,Messina,A.,Andre,"Messina, A.",2765,"Messina, A.","Messina, A.",1.0,1.0,http://www.wikidata.org/entity/Q18986897,Andre Messina,Messina,A.,"Messina, A.",,,,,20016742-1,Messina,,,,,,,,http://www.wikidata.org/wiki/Q18986897,,,https://www.ipni.org/a/20016742-1,,,
47,Wilson,K.L.,Karen,"Wilson, K.L.",2578,"Wilson, K.L.","Wilson, K.L.",1.0,1.0,http://www.wikidata.org/entity/Q5958129,Karen L. Wilson,Wilson,K.L.,"Wilson, K.L.",0000-0001-7419-8222,42021989,0000 0003 7409 927X,,12312-1,K.L.Wilson,,,,1950.0,,,,http://www.wikidata.org/wiki/Q5958129,https://orcid.org/0000-0001-7419-8222,,https://www.ipni.org/a/12312-1,,,
51,Johnson,L.A.S.,Lawrence Alexander Sidney,"Johnson, L.A.S.",2452,"Johnson, L.A.S.","Johnson, L.A.S.",1.0,1.0,http://www.wikidata.org/entity/Q3090721,Lawrence Alexander Sidney Johnson,Johnson,L.A.S.,"Johnson, L.A.S.",,91894237,,48794.0,4513-1,L.A.S.Johnson,,P003006b,,1925.0,1997.0,,,http://www.wikidata.org/wiki/Q3090721,,https://kiki.huh.harvard.edu/databases/botanist_search.php?mode=details&id=48794,https://www.ipni.org/a/4513-1,,http://www.eoas.info/biogs/P003006b,
52,Symon,D.E.,,"Symon, D.E.",2413,"Symon, D.E.","Symon, D.E.",1.0,1.0,http://www.wikidata.org/entity/Q5799961,David Eric Symon,Symon,D.E.,"Symon, D.E.",,58031223,0000 0000 2530 6998,49358,10358-1,Symon,,P006590b,,1920.0,2011.0,,,http://www.wikidata.org/wiki/Q5799961,,https://kiki.huh.harvard.edu/databases/botanist_search.php?mode=details&id=49358,https://www.ipni.org/a/10358-1,,http://www.eoas.info/biogs/P006590b,
53,Barrett,R.L.,Russell,"Barrett, R.L.",2372,"Barrett, R.L.","Barrett, R.L.",1.0,1.0,http://www.wikidata.org/entity/Q18982878,Russell Lindsay Barrett,Barrett,R.L.,"Barrett, R.L.",0000-0003-0360-8321,,,,38718-1,R.L.Barrett,,,,1977.0,,,,http://www.wikidata.org/wiki/Q18982878,https://orcid.org/0000-0003-0360-8321,,https://www.ipni.org/a/38718-1,,,
54,Munir,A.A.,,"Munir, A.A.",2325,"Munir, A.A.","Munir, A.A.",1.0,1.0,http://www.wikidata.org/entity/Q21521892,Ahmad Abid Munir,Munir,A.A.,"Munir, A.A.",,,,,6780-1,Munir,,,,1936.0,,,,http://www.wikidata.org/wiki/Q21521892,,,https://www.ipni.org/a/6780-1,,,
55,Walters,N.E.M.,,"Walters, N.E.M.",2272,"Walters, N.E.M.","Walters, N.E.M.",1.0,1.0,http://www.wikidata.org/entity/Q21612108,Neville E.M. Walters,Walters,N.E.M.,"Walters, N.E.M.",,,,,28531-1,N.Walters,,,,1916.0,2004.0,,,http://www.wikidata.org/wiki/Q21612108,,,https://www.ipni.org/a/28531-1,,,
61,Filson,R.B.,Rex,"Filson, R.B.",2183,"Filson, R.B.","Filson, R.B.",1.0,1.0,http://www.wikidata.org/entity/Q21339388,Rex Bertram Filson,Filson,R.B.,"Filson, R.B.",,,,76762,18803-1,Filson,,P002347b,,1930.0,,,,http://www.wikidata.org/wiki/Q21339388,,https://kiki.huh.harvard.edu/databases/botanist_search.php?mode=details&id=76762,https://www.ipni.org/a/18803-1,,http://www.eoas.info/biogs/P002347b,
62,Gebert,W.A.,Wayne,"Gebert, W.A.",2183,"Gebert, W.A.","Gebert, W.A.",1.0,1.0,http://www.wikidata.org/entity/Q21513843,Wayne Ashley Gebert,Gebert,W.A.,"Gebert, W.A.",,,,,20014240-1,Gebert,,,,1976.0,,,,http://www.wikidata.org/wiki/Q21513843,,,https://www.ipni.org/a/20014240-1,,,
63,Adams,L.G.,Laurie,"Adams, L.G.",2118,"Adams, L.G.","Adams, L.G.",1.0,1.0,http://www.wikidata.org/entity/Q10316562,Laurence George Adams,Adams,L.G.,"Adams, L.G.",,,,,12081-1,L.G.Adams,,P005518b,,1929.0,2014.0,,,http://www.wikidata.org/wiki/Q10316562,,,https://www.ipni.org/a/12081-1,,http://www.eoas.info/biogs/P005518b,
64,Downing,T.L.,Trisha,"Downing, T.L.",2058,"Downing, T.L.","Downing, T.L.",1.0,1.0,http://www.wikidata.org/entity/Q26714305,Trisha L. Downing,Downing,T.L.,"Downing, T.L.",,,,,20003806-2,Downing,,,,,,,,http://www.wikidata.org/wiki/Q26714305,,,https://www.ipni.org/a/20003806-2,,,
67,Hewson,H.J.,,"Hewson, H.J.",2017,"Hewson, H.J.","Hewson, H.J.",1.0,1.0,http://www.wikidata.org/entity/Q21515774,Helen Joan Hewson,Hewson,H.J.,"Hewson, H.J.",,7566901,0000 0000 6308 5794,74241,20269-1,Hewson,,P005556b,,1938.0,2007.0,,,http://www.wikidata.org/wiki/Q21515774,,https://kiki.huh.harvard.edu/databases/botanist_search.php?mode=details&id=74241,https://www.ipni.org/a/20269-1,,http://www.eoas.info/biogs/P005556b,
69,Albrecht,D.E.,David,"Albrecht, D.E.",1984,"Albrecht, D.E.","Albrecht, D.E.",1.0,1.0,http://www.wikidata.org/entity/Q8354093,David Edward Albrecht,Albrecht,D.E.,"Albrecht, D.E.",,4256153184549027100009,,60179,14172-1,Albr.,,P005243b,,1962.0,,,,http://www.wikidata.org/wiki/Q8354093,,https://kiki.huh.harvard.edu/databases/botanist_search.php?mode=details&id=60179,https://www.ipni.org/a/14172-1,,http://www.eoas.info/biogs/P005243b,
70,Holland,A.E.,,"Holland, A.E.",1948,"Holland, A.E.","Holland, A.E.",1.0,1.0,http://www.wikidata.org/entity/Q26712197,Ailsa E. Holland,Holland,A.E.,"Holland, A.E.",,,,,35913-1,A.E.Holland,,,,,,,,http://www.wikidata.org/wiki/Q26712197,,,https://www.ipni.org/a/35913-1,,,
71,Lepschi,B.J.,Brendan,"Lepschi, B.J.",1943,"Lepschi, B.J.","Lepschi, B.J.",1.0,1.0,http://www.wikidata.org/entity/Q5733654,Brendan John Lepschi,Lepschi,B.J.,"Lepschi, B.J.",,,,39693.0,36824-1,Lepschi,,,,1969.0,,,,http://www.wikidata.org/wiki/Q5733654,,https://kiki.huh.harvard.edu/databases/botanist_search.php?mode=details&id=39693,https://www.ipni.org/a/36824-1,,,
77,Lazarides,M.,Mike,"Lazarides, M.",1835,"Lazarides, M.","Lazarides, M.",1.0,1.0,http://www.wikidata.org/entity/Q6012831,Michael Lazarides,Lazarides,M.,"Lazarides, M.",,,,38062,5361-1,Lazarides,Q6012831,P005675b,,1928.0,2011.0,,,http://www.wikidata.org/wiki/Q6012831,,https://kiki.huh.harvard.edu/databases/botanist_search.php?mode=details&id=38062,https://www.ipni.org/a/5361-1,https://bloodhound-tracker.net/Q6012831,http://www.eoas.info/biogs/P005675b,
78,Thompson,I.,,"Thompson, I.",1815,"Thompson, I.","Thompson, I.",1.0,1.0,http://www.wikidata.org/entity/Q21394256,Ida Thompson,Thompson,I.,"Thompson, I.",,39483460,0000 0000 7362 2004,,,,,,,1950.0,,,,http://www.wikidata.org/wiki/Q21394256,,,,,,
79,Bennett,E.M.,Eleanor,"Bennett, E.M.",1773,"Bennett, E.M.","Bennett, E.M.",1.0,1.0,http://www.wikidata.org/entity/Q20155122,Eleanor Marion Bennett,Bennett,E.M.,"Bennett, E.M.",,286049057,,11296.0,12344-1,E.M.Benn.,,,,1942.0,,,,http://www.wikidata.org/wiki/Q20155122,,https://kiki.huh.harvard.edu/databases/botanist_search.php?mode=details&id=11296,https://www.ipni.org/a/12344-1,,,
80,Carr,G.W.,Geoff,"Carr, G.W.",1748,"Carr, G.W.","Carr, G.W.",1.0,1.0,http://www.wikidata.org/entity/Q3281577,Geoffrey William Carr,Carr,G.W.,"Carr, G.W.",,,,,13236-1,G.W.Carr,,,,1948.0,,,,http://www.wikidata.org/wiki/Q3281577,,,https://www.ipni.org/a/13236-1,,,
81,Lebel,T.,Teresa,"Lebel, T.",1741,"Lebel, T.","Lebel, T.",1.0,1.0,http://www.wikidata.org/entity/Q6142582,Teresa Lebel,Lebel,T.,"Lebel, T.",0000-0002-8592-1102,,,,20002421-1,T.Lebel,,,,1974.0,,,,http://www.wikidata.org/wiki/Q6142582,https://orcid.org/0000-0002-8592-1102,,https://www.ipni.org/a/20002421-1,,,
82,Rye,B.L.,Barbara,"Rye, B.L.",1691,"Rye, B.L.","Rye, B.L.",1.0,1.0,http://www.wikidata.org/entity/Q5719316,Barbara Lynette Rye,Rye,B.L.,"Rye, B.L.",,,,14813.0,14929-1,Rye,,,,1952.0,,,,http://www.wikidata.org/wiki/Q5719316,,https://kiki.huh.harvard.edu/databases/botanist_search.php?mode=details&id=14813,https://www.ipni.org/a/14929-1,,,
83,Kondratyuk,S.Y.,,"Kondratyuk, S.Y.",1690,"Kondratyuk, S.Y.","Kondratyuk, S.Y.",1.0,1.0,http://www.wikidata.org/entity/Q21339842,Sergey Yakovlevich Kondratyuk,Kondratyuk,S.Y.,"Kondratyuk, S.Y.",,,,,20000916-1,S.Y.Kondr.,,,,1959.0,,,,http://www.wikidata.org/wiki/Q21339842,,,https://www.ipni.org/a/20000916-1,,,
84,Kellermann,J.,Juergen,"Kellermann, J.",1647,"Kellermann, J.","Kellermann, J.",1.0,1.0,http://www.wikidata.org/entity/Q5686635,Jürgen Kellermann,Kellermann,J.,"Kellermann, J.",,,,,20005205-1,Kellermann,,,,1972.0,,,,http://www.wikidata.org/wiki/Q5686635,,,https://www.ipni.org/a/20005205-1,,,
85,Cooke,D.A.,,"Cooke, D.A.",1628,"Cooke, D.A.","Cooke, D.A.",1.0,1.0,http://www.wikidata.org/entity/Q2881723,David Alan Cooke,Cooke,D.A.,"Cooke, D.A.",,,,,13264-1,D.A.Cooke,,,,1949.0,,,,http://www.wikidata.org/wiki/Q2881723,,,https://www.ipni.org/a/13264-1,,,
92,Weber,J.Z.,,"Weber, J.Z.",1558,"Weber, J.Z.","Weber, J.Z.",1.0,1.0,http://www.wikidata.org/entity/Q21388163,Joseph Zvonko Weber,Weber,J.Z.,"Weber, J.Z.",,,,19063,13333-1,J.Z.Weber,,,,1930.0,1996.0,,,http://www.wikidata.org/wiki/Q21388163,,https://kiki.huh.harvard.edu/databases/botanist_search.php?mode=details&id=19063,https://www.ipni.org/a/13333-1,,,
95,Chippendale,G.M.,,"Chippendale, G.M.",1462,"Chippendale, G.M.","Chippendale, G.M.",1.0,1.0,http://www.wikidata.org/entity/Q5537873,George McCartney Chippendale,Chippendale,G.M.,"Chippendale, G.M.",,8631458,0000 0000 8423 5309,18250.0,1601-1,Chippend.,Q5537873,P005133b,,1921.0,2010.0,,,http://www.wikidata.org/wiki/Q5537873,,https://kiki.huh.harvard.edu/databases/botanist_search.php?mode=details&id=18250,https://www.ipni.org/a/1601-1,https://bloodhound-tracker.net/Q5537873,http://www.eoas.info/biogs/P005133b,
99,Briggs,B.G.,Barbara,"Briggs, B.G.",1460,"Briggs, B.G.","Briggs, B.G.",1.0,1.0,http://www.wikidata.org/entity/Q2356897,Barbara G. Briggs,Briggs,B.G.,"Briggs, B.G.",,312946682,,37457.0,1142-1,B.G.Briggs,,P005248b,,1934.0,,,,http://www.wikidata.org/wiki/Q2356897,,https://kiki.huh.harvard.edu/databases/botanist_search.php?mode=details&id=37457,https://www.ipni.org/a/1142-1,,http://www.eoas.info/biogs/P005248b,
100,Cowan,R.S.,,"Cowan, R.S.",1455,"Cowan, R.S.","Cowan, R.S.",1.0,1.0,http://www.wikidata.org/entity/Q6108714,Richard Sumner Cowan,Cowan,R.S.,"Cowan, R.S.",,9863210,0000 0001 0868 5663,1584.0,1850-1,R.S.Cowan,,,,1921.0,1997.0,,,http://www.wikidata.org/wiki/Q6108714,,https://kiki.huh.harvard.edu/databases/botanist_search.php?mode=details&id=1584,https://www.ipni.org/a/1850-1,,,
110,Barker,W.R.,Bill,"Barker, W.R.",1397,"Barker, W.R.","Barker, W.R.",1.0,1.0,http://www.wikidata.org/entity/Q21505669,William Robert Barker,Barker,W.R.,"Barker, W.R.",,,,,13249-1,W.R.Barker,,,,1948.0,,,,http://www.wikidata.org/wiki/Q21505669,,,https://www.ipni.org/a/13249-1,,,
113,Powell,J.M.,,"Powell, J.M.",1308,"Powell, J.M.","Powell, J.M.",1.0,1.0,http://www.wikidata.org/entity/Q21523165,Jocelyn Marie Powell,Powell,J.M.,"Powell, J.M.",,,,,12246-1,J.M.Powell,,,,1939.0,,,,http://www.wikidata.org/wiki/Q21523165,,,https://www.ipni.org/a/12246-1,,,
114,Elix,J.A.,Jack,"Elix, J.A.",1271,"Elix, J.A.","Elix, J.A.",1.0,1.0,http://www.wikidata.org/entity/Q21339171,John Alan Elix,Elix,J.A.,"Elix, J.A.",,5178780,0000 0000 8084 828X,93027.0,18445-1,Elix,,P005725b,,1941.0,,,,http://www.wikidata.org/wiki/Q21339171,,https://kiki.huh.harvard.edu/databases/botanist_search.php?mode=details&id=93027,https://www.ipni.org/a/18445-1,,http://www.eoas.info/biogs/P005725b,
117,Flann,C.,Christina,"Flann, C.",1220,"Flann, C.","Flann, C.",1.0,1.0,http://www.wikidata.org/entity/Q21513201,Christina Flann,Flann,C.,"Flann, C.",,,,,38330-1,Flann,,,,1974.0,,,,http://www.wikidata.org/wiki/Q21513201,,,https://www.ipni.org/a/38330-1,,,
119,Haegi,L.,Laurie,"Haegi, L.",1200,"Haegi, L.","Haegi, L.",1.0,1.0,http://www.wikidata.org/entity/Q5971806,Laurence Haegi,Haegi,L.,"Haegi, L.",,,,79775,13662-1,Haegi,,,,1952.0,,,,http://www.wikidata.org/wiki/Q5971806,,https://kiki.huh.harvard.edu/databases/botanist_search.php?mode=details&id=79775,https://www.ipni.org/a/13662-1,,,
133,Reese,W.D.,,"Reese, W.D.",1084,"Reese, W.D.","Reese, W.D.",1.0,1.0,http://www.wikidata.org/entity/Q21387966,William Dean Reese,Reese,W.D.,"Reese, W.D.",,94812892,0000 0000 8457 6242,,25450-1,W.D.Reese,,,,1928.0,2002.0,,,http://www.wikidata.org/wiki/Q21387966,,,https://www.ipni.org/a/25450-1,,,
134,Spencer,R.D.,Roger,"Spencer, R.D.",1076,"Spencer, R.D.","Spencer, R.D.",1.0,1.0,http://www.wikidata.org/entity/Q7358068,Roger David Spencer,Spencer,R.D.,"Spencer, R.D.",,77970107,0000 0000 8272 6438,,14570-1,R.D.Spencer,,,,1945.0,,,,http://www.wikidata.org/wiki/Q7358068,,,https://www.ipni.org/a/14570-1,,,
138,Rule,K.,Kevin,"Rule, K.",1012,"Rule, K.","Rule, K.",1.0,1.0,http://www.wikidata.org/entity/Q19001604,K. Rule,Rule,K.,"Rule, K.",,,,3909,37010-1,Rule,,,,,,,,http://www.wikidata.org/wiki/Q19001604,,https://kiki.huh.harvard.edu/databases/botanist_search.php?mode=details&id=3909,https://www.ipni.org/a/37010-1,,,
139,Carolin,R.C.,,"Carolin, R.C.",1007,"Carolin, R.C.","Carolin, R.C.",1.0,1.0,http://www.wikidata.org/entity/Q5393862,Roger Charles Carolin,Carolin,R.C.,"Carolin, R.C.",,35831742,0000 0000 6349 9276,35811.0,1409-1,Carolin,,,,1929.0,,,,http://www.wikidata.org/wiki/Q5393862,,https://kiki.huh.harvard.edu/databases/botanist_search.php?mode=details&id=35811,https://www.ipni.org/a/1409-1,,,
1,Stajsic,V.,Val,"Stajsic, V.",27987,"Stajsic, V.","Stajsic, V.",1.0,2.0,http://www.wikidata.org/entity/Q26714177,V. Stajsic,Stajsic,V.,"Stajsic, V.",,,,,39262-1,Stajsic,,,,,,,,http://www.wikidata.org/wiki/Q26714177,,,https://www.ipni.org/a/39262-1,,,
2,Stajsic,V.,Val,"Stajsic, V.",27987,"Stajsic, V.","Stajsic, V.",1.0,2.0,http://www.wikidata.org/entity/Q21395366,Val Stajsic,Stajsic,V.,"Stajsic, V.",,,,,,,,,,,,,,http://www.wikidata.org/wiki/Q21395366,,,,,,
7,Wilson,P.G.,Paul,"Wilson, P.G.",10963,"Wilson, P.G.","Wilson, P.G.",1.0,2.0,http://www.wikidata.org/entity/Q910302,Paul Graham Wilson,Wilson,P.G.,"Wilson, P.G.",,,,,11741-1,Paul G.Wilson,,,,1928.0,,,,http://www.wikidata.org/wiki/Q910302,,,https://www.ipni.org/a/11741-1,,,
8,Wilson,P.G.,Paul,"Wilson, P.G.",10963,"Wilson, P.G.","Wilson, P.G.",1.0,2.0,http://www.wikidata.org/entity/Q6073393,Peter Gordon Wilson,Wilson,P.G.,"Wilson, P.G.",,,,,11744-1,Peter G.Wilson,,,,1950.0,,,,http://www.wikidata.org/wiki/Q6073393,,,https://www.ipni.org/a/11744-1,,,
9,Wilson,P.G.,Paul,"Wilson, P.G.",10963,"Wilson, P.G.","Wilson, P.G.",1.0,2.0,http://www.wikidata.org/entity/Q910302,Paul Graham Wilson,Wilson,P.G.,"Wilson, P.G.",,,,,11741-1,Paul G.Wilson,,,,1928.0,,,,http://www.wikidata.org/wiki/Q910302,,,https://www.ipni.org/a/11741-1,,,
10,Wilson,P.G.,Paul,"Wilson, P.G.",10963,"Wilson, P.G.","Wilson, P.G.",1.0,2.0,http://www.wikidata.org/entity/Q6073393,Peter Gordon Wilson,Wilson,P.G.,"Wilson, P.G.",,,,,11744-1,Peter G.Wilson,,,,1950.0,,,,http://www.wikidata.org/wiki/Q6073393,,,https://www.ipni.org/a/11744-1,,,
11,Wilson,P.G.,Paul,"Wilson, P.G.",10963,"Wilson, P.G.","Wilson, P.G.",1.0,2.0,http://www.wikidata.org/entity/Q910302,Paul Graham Wilson,Wilson,P.G.,"Wilson, P.G.",,,,,11741-1,Paul G.Wilson,,,,1928.0,,,,http://www.wikidata.org/wiki/Q910302,,,https://www.ipni.org/a/11741-1,,,
12,Wilson,P.G.,Paul,"Wilson, P.G.",10963,"Wilson, P.G.","Wilson, P.G.",1.0,2.0,http://www.wikidata.org/entity/Q6073393,Peter Gordon Wilson,Wilson,P.G.,"Wilson, P.G.",,,,,11744-1,Peter G.Wilson,,,,1950.0,,,,http://www.wikidata.org/wiki/Q6073393,,,https://www.ipni.org/a/11744-1,,,
15,Willis,J.H.,James,"Willis, J.H.",7659,"Willis, J.H.","Willis, J.H.",1.0,2.0,http://www.wikidata.org/entity/Q6135471,James Hamlyn Willis,Willis,J.H.,"Willis, J.H.",,75240843,0000 0001 0989 0124,33214,11720-1,J.H.Willis,,P000902b,willis-james-hamlyn-jim-21444,1910.0,1995.0,,,http://www.wikidata.org/wiki/Q6135471,,https://kiki.huh.harvard.edu/databases/botanist_search.php?mode=details&id=33214,https://www.ipni.org/a/11720-1,,http://www.eoas.info/biogs/P000902b,http://adb.anu.edu.au/biography/willis-james-hamlyn-jim-21444
16,Willis,J.H.,James,"Willis, J.H.",7659,"Willis, J.H.","Willis, J.H.",1.0,2.0,http://www.wikidata.org/entity/Q47128902,John H. Willis,Willis,J.H.,"Willis, J.H.",,,,,20012709-2,John H.Willis,,,,,,,,http://www.wikidata.org/wiki/Q47128902,,,https://www.ipni.org/a/20012709-2,,,
26,Klazenga,N.,Niels,"Klazenga, N.",4306,"Klazenga, N.","Klazenga, N.",1.0,2.0,http://www.wikidata.org/entity/Q21517582,Niels Klazenga,Klazenga,N.,"Klazenga, N.",0000-0003-2224-6821,228151588,0000 0003 6337 2939,90456,20015939-1,Klazenga,0000-0003-2224-6821,,,1969.0,,,,http://www.wikidata.org/wiki/Q21517582,https://orcid.org/0000-0003-2224-6821,https://kiki.huh.harvard.edu/databases/botanist_search.php?mode=details&id=90456,https://www.ipni.org/a/20015939-1,https://bloodhound-tracker.net/0000-0003-2224-6821,,
27,Klazenga,N.,Niels,"Klazenga, N.",4306,"Klazenga, N.","Klazenga, N.",1.0,2.0,http://www.wikidata.org/entity/Q21387891,N. Klazenga,Klazenga,N.,"Klazenga, N.",,,,,,,,,,,,,,http://www.wikidata.org/wiki/Q21387891,,,,,,
38,Ross,J.H.,Jim,"Ross, J.H.",2995,"Ross, J.H.","Ross, J.H.",1.0,2.0,http://www.wikidata.org/entity/Q5925767,James Henderson Ross,Ross,J.H.,"Ross, J.H.",,254622576,,,8609-1,J.H.Ross,,,,1941.0,,,,http://www.wikidata.org/wiki/Q5925767,,,https://www.ipni.org/a/8609-1,,,
39,Ross,J.H.,Jim,"Ross, J.H.",2995,"Ross, J.H.","Ross, J.H.",1.0,2.0,http://www.wikidata.org/entity/Q24026282,John Howlett Ross,Ross,J.H.,"Ross, J.H.",,94130382,,,,,,,ross-john-howlett-8273,1857.0,1953.0,,,http://www.wikidata.org/wiki/Q24026282,,,,,,http://adb.anu.edu.au/biography/ross-john-howlett-8273
48,Grimes,J.W.,Jim,"Grimes, J.W.",2518,"Grimes, J.W.","Grimes, J.W.",1.0,2.0,http://www.wikidata.org/entity/Q5925894,James Walter Grimes,Grimes,J.W.,"Grimes, J.W.",,,,,12158-1,J.W.Grimes,,,,1953.0,,,,http://www.wikidata.org/wiki/Q5925894,,,https://www.ipni.org/a/12158-1,,,
49,Grimes,J.W.,Jim,"Grimes, J.W.",2518,"Grimes, J.W.","Grimes, J.W.",1.0,2.0,http://www.wikidata.org/entity/Q18985106,Jeffrey William Grimes,Grimes,J.W.,"Grimes, J.W.",,,,,38806-1,Jeff W.Grimes,,,,1950.0,,,,http://www.wikidata.org/wiki/Q18985106,,,https://www.ipni.org/a/38806-1,,,
59,Smith,R.V.,,"Smith, R.V.",2210,"Smith, R.V.","Smith, R.V.",1.0,2.0,http://www.wikidata.org/entity/Q21609131,Raymond Vaughan Smith,Smith,R.V.,"Smith, R.V.",,,,,9819-1,R.V.Sm.,,,,1923.0,,,,http://www.wikidata.org/wiki/Q21609131,,,https://www.ipni.org/a/9819-1,,,
60,Smith,R.V.,,"Smith, R.V.",2210,"Smith, R.V.","Smith, R.V.",1.0,2.0,http://www.wikidata.org/entity/Q21387929,Raymond Vaughan Smith,Smith,R.V.,"Smith, R.V.",,,,,,,,,,1923.0,,,,http://www.wikidata.org/wiki/Q21387929,,,,,,
86,Wilson,P.G.,Peter,"Wilson, P.G.",1623,"Wilson, P.G.","Wilson, P.G.",1.0,2.0,http://www.wikidata.org/entity/Q910302,Paul Graham Wilson,Wilson,P.G.,"Wilson, P.G.",,,,,11741-1,Paul G.Wilson,,,,1928.0,,,,http://www.wikidata.org/wiki/Q910302,,,https://www.ipni.org/a/11741-1,,,
87,Wilson,P.G.,Peter,"Wilson, P.G.",1623,"Wilson, P.G.","Wilson, P.G.",1.0,2.0,http://www.wikidata.org/entity/Q6073393,Peter Gordon Wilson,Wilson,P.G.,"Wilson, P.G.",,,,,11744-1,Peter G.Wilson,,,,1950.0,,,,http://www.wikidata.org/wiki/Q6073393,,,https://www.ipni.org/a/11744-1,,,
88,Wilson,P.G.,Peter,"Wilson, P.G.",1623,"Wilson, P.G.","Wilson, P.G.",1.0,2.0,http://www.wikidata.org/entity/Q910302,Paul Graham Wilson,Wilson,P.G.,"Wilson, P.G.",,,,,11741-1,Paul G.Wilson,,,,1928.0,,,,http://www.wikidata.org/wiki/Q910302,,,https://www.ipni.org/a/11741-1,,,
89,Wilson,P.G.,Peter,"Wilson, P.G.",1623,"Wilson, P.G.","Wilson, P.G.",1.0,2.0,http://www.wikidata.org/entity/Q6073393,Peter Gordon Wilson,Wilson,P.G.,"Wilson, P.G.",,,,,11744-1,Peter G.Wilson,,,,1950.0,,,,http://www.wikidata.org/wiki/Q6073393,,,https://www.ipni.org/a/11744-1,,,
90,Wilson,P.G.,Peter,"Wilson, P.G.",1623,"Wilson, P.G.","Wilson, P.G.",1.0,2.0,http://www.wikidata.org/entity/Q910302,Paul Graham Wilson,Wilson,P.G.,"Wilson, P.G.",,,,,11741-1,Paul G.Wilson,,,,1928.0,,,,http://www.wikidata.org/wiki/Q910302,,,https://www.ipni.org/a/11741-1,,,
91,Wilson,P.G.,Peter,"Wilson, P.G.",1623,"Wilson, P.G.","Wilson, P.G.",1.0,2.0,http://www.wikidata.org/entity/Q6073393,Peter Gordon Wilson,Wilson,P.G.,"Wilson, P.G.",,,,,11744-1,Peter G.Wilson,,,,1950.0,,,,http://www.wikidata.org/wiki/Q6073393,,,https://www.ipni.org/a/11744-1,,,
101,Brown,A.J.,Austin,"Brown, A.J.",1430,"Brown, A.J.","Brown, A.J.",1.0,2.0,http://www.wikidata.org/entity/Q33665234,A.J. Brown,Brown,A.J.,"Brown, A.J.",,,,,39445-1,A.J.Br.,,,,,,,,http://www.wikidata.org/wiki/Q33665234,,,https://www.ipni.org/a/39445-1,,,
102,Brown,A.J.,Austin,"Brown, A.J.",1430,"Brown, A.J.","Brown, A.J.",1.0,2.0,http://www.wikidata.org/entity/Q21535405,Alfred John Brown,Brown,A.J.,"Brown, A.J.",,94738948,0000 0001 0859 4147,,,,,,brown-alfred-john-9596,1893.0,1976.0,,,http://www.wikidata.org/wiki/Q21535405,,,,,,http://adb.anu.edu.au/biography/brown-alfred-john-9596
126,Wilson,P.G.,,"Wilson, P.G.",1122,"Wilson, P.G.","Wilson, P.G.",1.0,2.0,http://www.wikidata.org/entity/Q910302,Paul Graham Wilson,Wilson,P.G.,"Wilson, P.G.",,,,,11741-1,Paul G.Wilson,,,,1928.0,,,,http://www.wikidata.org/wiki/Q910302,,,https://www.ipni.org/a/11741-1,,,
127,Wilson,P.G.,,"Wilson, P.G.",1122,"Wilson, P.G.","Wilson, P.G.",1.0,2.0,http://www.wikidata.org/entity/Q6073393,Peter Gordon Wilson,Wilson,P.G.,"Wilson, P.G.",,,,,11744-1,Peter G.Wilson,,,,1950.0,,,,http://www.wikidata.org/wiki/Q6073393,,,https://www.ipni.org/a/11744-1,,,
128,Wilson,P.G.,,"Wilson, P.G.",1122,"Wilson, P.G.","Wilson, P.G.",1.0,2.0,http://www.wikidata.org/entity/Q910302,Paul Graham Wilson,Wilson,P.G.,"Wilson, P.G.",,,,,11741-1,Paul G.Wilson,,,,1928.0,,,,http://www.wikidata.org/wiki/Q910302,,,https://www.ipni.org/a/11741-1,,,
129,Wilson,P.G.,,"Wilson, P.G.",1122,"Wilson, P.G.","Wilson, P.G.",1.0,2.0,http://www.wikidata.org/entity/Q6073393,Peter Gordon Wilson,Wilson,P.G.,"Wilson, P.G.",,,,,11744-1,Peter G.Wilson,,,,1950.0,,,,http://www.wikidata.org/wiki/Q6073393,,,https://www.ipni.org/a/11744-1,,,
130,Wilson,P.G.,,"Wilson, P.G.",1122,"Wilson, P.G.","Wilson, P.G.",1.0,2.0,http://www.wikidata.org/entity/Q910302,Paul Graham Wilson,Wilson,P.G.,"Wilson, P.G.",,,,,11741-1,Paul G.Wilson,,,,1928.0,,,,http://www.wikidata.org/wiki/Q910302,,,https://www.ipni.org/a/11741-1,,,
131,Wilson,P.G.,,"Wilson, P.G.",1122,"Wilson, P.G.","Wilson, P.G.",1.0,2.0,http://www.wikidata.org/entity/Q6073393,Peter Gordon Wilson,Wilson,P.G.,"Wilson, P.G.",,,,,11744-1,Peter G.Wilson,,,,1950.0,,,,http://www.wikidata.org/wiki/Q6073393,,,https://www.ipni.org/a/11744-1,,,
96,Smith,P.,,"Smith, P.",1460,"Smith, P.","Smith, P.",1.0,3.0,http://www.wikidata.org/entity/Q7241063,Preserved Smith,Smith,P.,"Smith, P.",,52066097,0000 0001 1026 8180,,,,,,,1880.0,1941.0,,,http://www.wikidata.org/wiki/Q7241063,,,,,,
97,Smith,P.,,"Smith, P.",1460,"Smith, P.","Smith, P.",1.0,3.0,http://www.wikidata.org/entity/Q50144501,Paul Smith,Smith,P.,"Smith, P.",,,,,,,,,,,,,,http://www.wikidata.org/wiki/Q50144501,,,,,,
98,Smith,P.,,"Smith, P.",1460,"Smith, P.","Smith, P.",1.0,3.0,http://www.wikidata.org/entity/Q21609130,Pearl Smith,Smith,P.,"Smith, P.",,,,,34982-1,P.Sm.,,,,1883.0,,,,http://www.wikidata.org/wiki/Q21609130,,,https://www.ipni.org/a/34982-1,,,
57,McGillivray,D.J.,Don,"McGillivray, D.J.",2211,"McGillivray, D.J.","McGillivray, D.",0.951,2.0,http://www.wikidata.org/entity/Q3036069,Donald McGillivray,McGillivray,D.,"McGillivray, D.",,50906746,0000 0000 8231 1224,71175.0,5918-1,McGill.,,P005561b,,1935.0,2012.0,,,http://www.wikidata.org/wiki/Q3036069,,https://kiki.huh.harvard.edu/databases/botanist_search.php?mode=details&id=71175,https://www.ipni.org/a/5918-1,,http://www.eoas.info/biogs/P005561b,
58,McGillivray,D.J.,Don,"McGillivray, D.J.",2211,"McGillivray, D.J.","McGillivray, D.",0.951,2.0,http://www.wikidata.org/entity/Q21536843,Donald McGillivray,McGillivray,D.,"McGillivray, D.",,,,,,,,,mcgillivray-donald-13065,1855.0,1921.0,,,http://www.wikidata.org/wiki/Q21536843,,,,,,http://adb.anu.edu.au/biography/mcgillivray-donald-13065
93,Chappill,J.,,"Chappill, J.",1518,"Chappill, J.","Chappill, J.A.",0.944,1.0,http://www.wikidata.org/entity/Q21508256,Jennifer Anne Chappill,Chappill,J.A.,"Chappill, J.A.",,92163012,,87279.0,20005438-1,Chappill,Q21508256,,,1959.0,2006.0,,,http://www.wikidata.org/wiki/Q21508256,,https://kiki.huh.harvard.edu/databases/botanist_search.php?mode=details&id=87279,https://www.ipni.org/a/20005438-1,https://bloodhound-tracker.net/Q21508256,,
112,Threlfall,S.M.,,"Threlfall, S.M.",1387,"Threlfall, S.M.","Threlfall, S.",0.943,1.0,http://www.wikidata.org/entity/Q26714649,S. Threlfall,Threlfall,S.,"Threlfall, S.",,,,80843,27706-1,Threlfall,,,,,,,,http://www.wikidata.org/wiki/Q26714649,,https://kiki.huh.harvard.edu/databases/botanist_search.php?mode=details&id=80843,https://www.ipni.org/a/27706-1,,,
50,Crisp,M.D.,Michael,"Crisp, M.D.",2482,"Crisp, M.D.","Crisp, M.",0.936,1.0,http://www.wikidata.org/entity/Q4241213,Michael Crisp,Crisp,M.,"Crisp, M.",,,,9609.0,12123-1,Crisp,,,,1950.0,,,,http://www.wikidata.org/wiki/Q4241213,,https://kiki.huh.harvard.edu/databases/botanist_search.php?mode=details&id=9609,https://www.ipni.org/a/12123-1,,,
116,Dunlop,C.R.,,"Dunlop, C.R.",1255,"Dunlop, C.R.","Dunlop, C.",0.935,1.0,http://www.wikidata.org/entity/Q13420116,Clyde Dunlop,Dunlop,C.,"Dunlop, C.",,279666372,,69477,13280-1,Dunlop,,P005245b,,1946.0,,,,http://www.wikidata.org/wiki/Q13420116,,https://kiki.huh.harvard.edu/databases/botanist_search.php?mode=details&id=69477,https://www.ipni.org/a/13280-1,,http://www.eoas.info/biogs/P005245b,
18,Chinnock,R.J.,Robert (Bob),"Chinnock, R.J.",6273,"Chinnock, R.J.","Chinnock, R.",0.927,1.0,http://www.wikidata.org/entity/Q22958786,Robert Chinnock,Chinnock,R.,"Chinnock, R.",,55774522,0000 0001 1647 3804,70796,1598-1,Chinnock,,,,1943.0,,,,http://www.wikidata.org/wiki/Q22958786,,https://kiki.huh.harvard.edu/databases/botanist_search.php?mode=details&id=70796,https://www.ipni.org/a/1598-1,,,
120,Meagher,D.A.,David,"Meagher, D.A.",1193,"Meagher, D.A.","Meagher, D.",0.924,1.0,http://www.wikidata.org/entity/Q36538801,David Meagher,Meagher,D.,"Meagher, D.",,,,89081,20012536-1,Meagher,,,,,,,,http://www.wikidata.org/wiki/Q36538801,,https://kiki.huh.harvard.edu/databases/botanist_search.php?mode=details&id=89081,https://www.ipni.org/a/20012536-1,,,
137,Tindale,M.D.,Mary Douglas,"Tindale, M.D.",1014,"Tindale, M.D.","Tindale, M.",0.924,1.0,http://www.wikidata.org/entity/Q4815140,Mary Tindale,Tindale,M.,"Tindale, M.",,1718576,0000 0000 6383 0491,25164.0,10681-1,Tindale,,,,1920.0,2011.0,,,http://www.wikidata.org/wiki/Q4815140,,https://kiki.huh.harvard.edu/databases/botanist_search.php?mode=details&id=25164,https://www.ipni.org/a/10681-1,,,
121,Sinkora,D.,,"Sinkora, D.",1192,"Sinkora, D.","Sinkora, D.M.",0.916,1.0,http://www.wikidata.org/entity/Q21608980,Doris Martha Sinkora,Sinkora,D.M.,"Sinkora, D.M.",,,,,30424-1,Sinkora,,,,1927.0,,,,http://www.wikidata.org/wiki/Q21608980,,,https://www.ipni.org/a/30424-1,,,
135,Jessup,L.W.,Laurie,"Jessup, L.W.",1064,"Jessup, L.W.","Jessup, L.",0.916,1.0,http://www.wikidata.org/entity/Q21517014,Laurence Jessup,Jessup,L.,"Jessup, L.",,,,,12450-1,Jessup,,,,1947.0,,,,http://www.wikidata.org/wiki/Q21517014,,,https://www.ipni.org/a/12450-1,,,
41,George,A.S.,Alex,"George, A.S.",2937,"George, A.S.","George, A.",0.915,1.0,http://www.wikidata.org/entity/Q2702267,Alex George,George,A.,"George, A.",,121789273,0000 0001 0803 529X,,3090-1,A.S.George,,,,1939.0,,,,http://www.wikidata.org/wiki/Q2702267,,,https://www.ipni.org/a/3090-1,,,
108,Kok,R.P.J. de,Rogier,"Kok, R.P.J. de",1417,"Kok, R.P.J. de","Kok, R.P.J.d.",0.914,1.0,http://www.wikidata.org/entity/Q6111090,Rogier Petrus Johannes de Kok,Kok,R.P.J.d.,"Kok, R.P.J.d.",,,,,38733-1,de Kok,,,,1964.0,,,,http://www.wikidata.org/wiki/Q6111090,,,https://www.ipni.org/a/38733-1,,,
111,Coveny,R.G.,,"Coveny, R.G.",1395,"Coveny, R.G.","Coveny, R.",0.912,1.0,http://www.wikidata.org/entity/Q21537426,Robert Coveny,Coveny,R.,"Coveny, R.",,,,,,,,,coveny-robert-3271,1809.0,1878.0,,,http://www.wikidata.org/wiki/Q21537426,,,,,,http://adb.anu.edu.au/biography/coveny-robert-3271
68,Wege,J.A.,Juliet,"Wege, J.A.",2016,"Wege, J.A.","Wege, J.",0.905,1.0,http://www.wikidata.org/entity/Q4815151,Juliet Wege,Wege,J.,"Wege, J.",,46289000,0000 0000 4392 5282,,20002923-2,Wege,,,,1971.0,,,,http://www.wikidata.org/wiki/Q4815151,,,https://www.ipni.org/a/20002923-2,,,
40,Carolin,R.,,"Carolin, R.",2942,"Carolin, R.","Carolin, R.C.",0.897,1.0,http://www.wikidata.org/entity/Q5393862,Roger Charles Carolin,Carolin,R.C.,"Carolin, R.C.",,35831742,0000 0000 6349 9276,35811.0,1409-1,Carolin,,,,1929.0,,,,http://www.wikidata.org/wiki/Q5393862,,https://kiki.huh.harvard.edu/databases/botanist_search.php?mode=details&id=35811,https://www.ipni.org/a/1409-1,,,
122,Reid,J.C.,John,"Reid, J.C.",1180,"Reid, J.C.","Reid, J.",0.892,4.0,http://www.wikidata.org/entity/Q22109480,James Reid,Reid,J.,"Reid, J.",,,,,,,,,,,,,,http://www.wikidata.org/wiki/Q22109480,,,,,,
123,Reid,J.C.,John,"Reid, J.C.",1180,"Reid, J.C.","Reid, J.",0.892,4.0,http://www.wikidata.org/entity/Q47125085,James Reid,Reid,J.,"Reid, J.",,,,,25480-1,J.Reid,,,,,,,,http://www.wikidata.org/wiki/Q47125085,,,https://www.ipni.org/a/25480-1,,,
124,Reid,J.C.,John,"Reid, J.C.",1180,"Reid, J.C.","Reid, J.",0.892,4.0,http://www.wikidata.org/entity/Q24239535,John Reid,Reid,J.,"Reid, J.",,4850150749010816420005,,,,,,,reid-john-8175,1858.0,1919.0,,,http://www.wikidata.org/wiki/Q24239535,,,,,,http://adb.anu.edu.au/biography/reid-john-8175
125,Reid,J.C.,John,"Reid, J.C.",1180,"Reid, J.C.","Reid, J.",0.892,4.0,http://www.wikidata.org/entity/Q24250525,John Reid,Reid,J.,"Reid, J.",,,,,,,,,reid-john-4915,1825.0,1882.0,,,http://www.wikidata.org/wiki/Q24250525,,,,,,http://adb.anu.edu.au/biography/reid-john-4915
32,Craven,L.A.,Lyn,"Craven, L.A.",3882,"Craven, L.A.","Craven, L.",0.89,1.0,http://www.wikidata.org/entity/Q6708677,Lyndley Craven,Craven,L.,"Craven, L.",,309880400,,93179,12457-1,Craven,,P005723b,,1945.0,2014.0,,,http://www.wikidata.org/wiki/Q6708677,,https://kiki.huh.harvard.edu/databases/botanist_search.php?mode=details&id=93179,https://www.ipni.org/a/12457-1,,http://www.eoas.info/biogs/P005723b,
72,Mueller,F. ,Ferdinand Jacob Heinrich,"Mueller, F. ",1934,"Mueller, F. ","Mueller, F.v.",0.885,1.0,http://www.wikidata.org/entity/Q708002,Ferdinand von Mueller,Mueller,F.v.,"Mueller, F.v.",,95199327,0000 0001 0786 2787,13918.0,6732-1,F.Muell.,Q708002,P000663b,mueller-sir-ferdinand-jakob-heinrich-von-4266,1825.0,1896.0,,,http://www.wikidata.org/wiki/Q708002,,https://kiki.huh.harvard.edu/databases/botanist_search.php?mode=details&id=13918,https://www.ipni.org/a/6732-1,https://bloodhound-tracker.net/Q708002,http://www.eoas.info/biogs/P000663b,http://adb.anu.edu.au/biography/mueller-sir-ferdinand-jakob-heinrich-von-4266
65,Foreman,D.B.,Don,"Foreman, D.B.",2036,"Foreman, D.B.","Foreman, D.",0.884,1.0,http://www.wikidata.org/entity/Q18984668,Donald Foreman,Foreman,D.,"Foreman, D.",,91467425,0000 0000 6782 9631,49657,2823-1,Foreman,,,,1945.0,2004.0,,,http://www.wikidata.org/wiki/Q18984668,,https://kiki.huh.harvard.edu/databases/botanist_search.php?mode=details&id=49657,https://www.ipni.org/a/2823-1,,,
4,Maslin,B.R.,Bruce,"Maslin, B.R.",21100,"Maslin, B.R.","Maslin, B.",0.874,1.0,http://www.wikidata.org/entity/Q2926444,Bruce Maslin,Maslin,B.,"Maslin, B.",,94978723,0000 0000 6608 3807,5215.0,6190-1,Maslin,,P005560b,,1946.0,,,,http://www.wikidata.org/wiki/Q2926444,,https://kiki.huh.harvard.edu/databases/botanist_search.php?mode=details&id=5215,https://www.ipni.org/a/6190-1,,http://www.eoas.info/biogs/P005560b,
115,Bates,R.,,"Bates, R.",1264,"Bates, R.","Bates, R.J.",0.871,1.0,http://www.wikidata.org/entity/Q6109468,Robert J. Bates,Bates,R.J.,"Bates, R.J.",,,,65346,13250-1,R.J.Bates,,,,1946.0,,,,http://www.wikidata.org/wiki/Q6109468,,https://kiki.huh.harvard.edu/databases/botanist_search.php?mode=details&id=65346,https://www.ipni.org/a/13250-1,,,
132,Simmons,M.H.,,"Simmons, M.H.",1113,"Simmons, M.H.","Simmons, M.P.",0.867,1.0,http://www.wikidata.org/entity/Q19002124,Mark P. Simmons,Simmons,M.P.,"Simmons, M.P.",,,,,37726-1,M.P.Simmons,,,,,,,,http://www.wikidata.org/wiki/Q19002124,,,https://www.ipni.org/a/37726-1,,,
17,Short,P.S.,Phillip,"Short, P.S.",6395,"Short, P.S.","Short, P.",0.866,1.0,http://www.wikidata.org/entity/Q5814766,Philip Short,Short,P.,"Short, P.",,,,,14568-1,P.S.Short,,,,1955.0,,,,http://www.wikidata.org/wiki/Q5814766,,,https://www.ipni.org/a/14568-1,,,
66,Randell,B.,,"Randell, B.",2026,"Randell, B.","Randell, B.R.",0.861,1.0,http://www.wikidata.org/entity/Q13432598,Barbara Rae Randell,Randell,B.R.,"Randell, B.R.",,,,,25305-1,Randell,,,,1942.0,,,,http://www.wikidata.org/wiki/Q13432598,,,https://www.ipni.org/a/25305-1,,,
31,Bean,A.R.,Tony,"Bean, A.R.",4111,"Bean, A.R.","Bean, A.",0.849,1.0,http://www.wikidata.org/entity/Q4772089,Anthony Bean,Bean,A.,"Bean, A.",,,,29229.0,35385-1,A.R.Bean,,P005122b,,1957.0,,,,http://www.wikidata.org/wiki/Q4772089,,https://kiki.huh.harvard.edu/databases/botanist_search.php?mode=details&id=29229,https://www.ipni.org/a/35385-1,,http://www.eoas.info/biogs/P005122b,
109,Henderson,R.J.F.,,"Henderson, R.J.F.",1400,"Henderson, R.J.F.","Henderson, R.",0.84,1.0,http://www.wikidata.org/entity/Q5943219,Rodney Henderson,Henderson,R.,"Henderson, R.",,,,,12468-1,R.J.F.Hend.,,,,1938.0,,,,http://www.wikidata.org/wiki/Q5943219,,,https://www.ipni.org/a/12468-1,,,
36,Lander,N.S.,Nicholas,"Lander, N.S.",3162,"Lander, N.S.","Lander, N.",0.824,1.0,http://www.wikidata.org/entity/Q21388272,Nicholas Lander,Lander,N.,"Lander, N.",,,,,5246-1,Lander,,,,1948.0,,,,http://www.wikidata.org/wiki/Q21388272,,,https://www.ipni.org/a/5246-1,,,
73,Ralston,K.,,"Ralston, K.",1869,"Ralston, K.","Ralston, E.M.",0.816,1.0,http://www.wikidata.org/entity/Q22811110,Edith Marion Ralston,Ralston,E.M.,"Ralston, E.M.",,,,,,,,,ralston-edith-marion-11480,1894.0,1967.0,,,http://www.wikidata.org/wiki/Q22811110,,,,,,http://adb.anu.edu.au/biography/ralston-edith-marion-11480
44,Conn,B.J.,Barry,"Conn, B.J.",2824,"Conn, B.J.","Conn, B.",0.815,1.0,http://www.wikidata.org/entity/Q21340328,Barry Conn,Conn,B.,"Conn, B.",0000-0001-9832-3809,91424478,,,13263-1,B.J.Conn,,,,1948.0,,,,http://www.wikidata.org/wiki/Q21340328,https://orcid.org/0000-0001-9832-3809,,https://www.ipni.org/a/13263-1,,,
103,Hyland,B.P.M.,,"Hyland, B.P.M.",1429,"Hyland, B.P.M.","Hyland, B.",0.813,1.0,http://www.wikidata.org/entity/Q4893242,Bernard Hyland,Hyland,B.,"Hyland, B.",,,,,4262-1,B.Hyland,,,,1937.0,,,,http://www.wikidata.org/wiki/Q4893242,,,https://www.ipni.org/a/4262-1,,,
20,Aston,H.I.,Helen,"Aston, H.I.",5470,"Aston, H.I.","Aston, H.",0.805,1.0,http://www.wikidata.org/entity/Q21393448,Helen Aston,Aston,H.,"Aston, H.",,45910872,0000 0000 3357 188X,73165.0,13241-1,Aston,,,,1934.0,,,,http://www.wikidata.org/wiki/Q21393448,,https://kiki.huh.harvard.edu/databases/botanist_search.php?mode=details&id=73165,https://www.ipni.org/a/13241-1,,,
56,May,T.W.,Tom,"May, T.W.",2264,"May, T.W.","May, T.",0.784,1.0,http://www.wikidata.org/entity/Q7816746,Tom May,May,T.,"May, T.",,20153361270537390717,,,20003451-1,T.W.May,,,,,,,,http://www.wikidata.org/wiki/Q7816746,,,https://www.ipni.org/a/20003451-1,,,
19,Orchard,A.E.,Tony,"Orchard, A.E.",5571,"Orchard, A.E.","Orchard, R.",0.778,1.0,http://www.wikidata.org/entity/Q7328187,Richard Orchard,Orchard,R.,"Orchard, R.",,,,,,,,,orchard-richard-beaumont-7912,1871.0,1942.0,,,http://www.wikidata.org/wiki/Q7328187,,,,,,http://adb.anu.edu.au/biography/orchard-richard-beaumont-7912
136,Hummel,D.A.,David,"Hummel, D.A.",1058,"Hummel, D.A.","Hummel, E.",0.768,1.0,http://www.wikidata.org/entity/Q26714675,Eric Hummel,Hummel,E.,"Hummel, E.",,,,,40059-1,E.Hummel,,,,,,,,http://www.wikidata.org/wiki/Q26714675,,,https://www.ipni.org/a/40059-1,,,
46,Thies,A.W.,Arthur,"Thies, A.W.",2761,"Thies, A.W.","Thies, D.",0.724,1.0,http://www.wikidata.org/entity/Q21395266,Detlev Thies,Thies,D.,"Thies, D.",,,,,,,,,,,,,,http://www.wikidata.org/wiki/Q21395266,,,,,,
74,Muir,T.B.,,"Muir, T.B.",1856,"Muir, T.B.","Muir, J.",0.724,3.0,http://www.wikidata.org/entity/Q379580,John Muir,Muir,J.,"Muir, J.",,68933311,0000 0001 2137 9847,24268.0,6757-1,J.Muir,Q379580,,,1838.0,1914.0,,,http://www.wikidata.org/wiki/Q379580,,https://kiki.huh.harvard.edu/databases/botanist_search.php?mode=details&id=24268,https://www.ipni.org/a/6757-1,https://bloodhound-tracker.net/Q379580,,
75,Muir,T.B.,,"Muir, T.B.",1856,"Muir, T.B.","Muir, J.",0.724,3.0,http://www.wikidata.org/entity/Q1701160,John Muir,Muir,J.,"Muir, J.",,25755593,0000 0000 4321 0842,,20009120-1,John Muir,Q1701160,,,1874.0,1947.0,,,http://www.wikidata.org/wiki/Q1701160,,,https://www.ipni.org/a/20009120-1,https://bloodhound-tracker.net/Q1701160,,
76,Muir,T.B.,,"Muir, T.B.",1856,"Muir, T.B.","Muir, J.",0.724,3.0,http://www.wikidata.org/entity/Q64788212,Jock Muir,Muir,J.,"Muir, J.",,,,,,,,,muir-ernest-jack-jock-27598,1914.0,1995.0,,,http://www.wikidata.org/wiki/Q64788212,,,,,,http://adb.anu.edu.au/biography/muir-ernest-jack-jock-27598
104,Clarke,I.C.,Ian,"Clarke, I.C.",1421,"Clarke, I.C.","Clarke, J.",0.697,4.0,http://www.wikidata.org/entity/Q11728948,Julia Clarke,Clarke,J.,"Clarke, J.",,,,,,,,,,,,,,http://www.wikidata.org/wiki/Q11728948,,,,,,
105,Clarke,I.C.,Ian,"Clarke, I.C.",1421,"Clarke, I.C.","Clarke, J.",0.697,4.0,http://www.wikidata.org/entity/Q18529981,Janet Clarke,Clarke,J.,"Clarke, J.",,,,,,,,,clarke-janet-marion-3224,1851.0,1909.0,,,http://www.wikidata.org/wiki/Q18529981,,,,,,http://adb.anu.edu.au/biography/clarke-janet-marion-3224
106,Clarke,I.C.,Ian,"Clarke, I.C.",1421,"Clarke, I.C.","Clarke, J.",0.697,4.0,http://www.wikidata.org/entity/Q20203604,John Clarke,Clarke,J.,"Clarke, J.",,3391148390832210830008,,,,,,,clarke-john-3341,1846.0,1867.0,,,http://www.wikidata.org/wiki/Q20203604,,,,,,http://adb.anu.edu.au/biography/clarke-john-3341
107,Clarke,I.C.,Ian,"Clarke, I.C.",1421,"Clarke, I.C.","Clarke, J.",0.697,4.0,http://www.wikidata.org/entity/Q24205039,Joseph Clarke,Clarke,J.,"Clarke, J.",,,,,,,,,clarke-joseph-3342,1834.0,1895.0,,,http://www.wikidata.org/wiki/Q24205039,,,,,,http://adb.anu.edu.au/biography/clarke-joseph-3342
6,Brooker,M.I.H.,,"Brooker, M.I.H.",20371,"Brooker, M.I.H.","Brooker, E.",0.674,1.0,http://www.wikidata.org/entity/Q3048465,Edward Brooker,Brooker,E.,"Brooker, E.",,,,,,,,,brooker-william-edward-9590,1891.0,1948.0,,,http://www.wikidata.org/wiki/Q3048465,,,,,,http://adb.anu.edu.au/biography/brooker-william-edward-9590
94,Jolley,H.M.,Helen,"Jolley, H.M.",1486,"Jolley, H.M.","Holley, H.",0.641,1.0,http://www.wikidata.org/entity/Q5901877,Horace Holley,Holley,H.,"Holley, H.",,33569318,0000 0000 3095 5394,,,,,,,1781.0,1827.0,,,http://www.wikidata.org/wiki/Q5901877,,,,,,
118,Vollebergh,P.J.,,"Vollebergh, P.J.",1212,"Vollebergh, P.J.","Bergh, P.J.v.d.",0.558,1.0,http://www.wikidata.org/entity/Q55016623,Pieter Johannes van den Bergh,Bergh,P.J.v.d.,"Bergh, P.J.v.d.",,60376551,,,,,,,,1873.0,1930.0,,,http://www.wikidata.org/wiki/Q55016623,,,,,,
14,Karunajeewa,N.G.,Nimal,"Karunajeewa, N.G.",8022,,,,,,,,,,,,,,,,,,,,,,,,,,,,,
